Faixa etaria;Genero;Cor;Nome UF;UF;Contagem
10 a 14;Feminino;Parda;Acre;AC;4
10 a 14;Masculino;Parda;Acre;AC;4
15 a 19;Feminino;Branca;Acre;AC;2
15 a 19;Feminino;Parda;Acre;AC;4
15 a 19;Masculino;Branca;Acre;AC;6
15 a 19;Masculino;Parda;Acre;AC;65
15 a 19;Masculino;Preta;Acre;AC;1
20 a 24;Feminino;Indígena;Acre;AC;1
20 a 24;Feminino;Parda;Acre;AC;4
20 a 24;Masculino;Branca;Acre;AC;7
20 a 24;Masculino;Parda;Acre;AC;69
20 a 24;Masculino;Preta;Acre;AC;6
25 a 29;Feminino;Branca;Acre;AC;1
25 a 29;Feminino;Parda;Acre;AC;1
25 a 29;Masculino;Branca;Acre;AC;12
25 a 29;Masculino;Parda;Acre;AC;49
25 a 29;Masculino;Preta;Acre;AC;3
30 a 34;Feminino;Branca;Acre;AC;1
30 a 34;Feminino;Parda;Acre;AC;5
30 a 34;Masculino;Branca;Acre;AC;6
30 a 34;Masculino;Parda;Acre;AC;43
30 a 34;Masculino;Preta;Acre;AC;1
35 a 39;Feminino;Branca;Acre;AC;1
35 a 39;Feminino;Parda;Acre;AC;1
35 a 39;Masculino;Branca;Acre;AC;3
35 a 39;Masculino;Parda;Acre;AC;30
35 a 39;Masculino;Preta;Acre;AC;3
40 a 44;Feminino;Parda;Acre;AC;4
40 a 44;Masculino;Branca;Acre;AC;3
40 a 44;Masculino;Parda;Acre;AC;21
45 a 49;Masculino;Branca;Acre;AC;1
45 a 49;Masculino;Parda;Acre;AC;10
50 a 54;Feminino;Preta;Acre;AC;1
50 a 54;Masculino;Branca;Acre;AC;2
50 a 54;Masculino;Parda;Acre;AC;7
55 a 59;Feminino;Parda;Acre;AC;1
55 a 59;Masculino;Parda;Acre;AC;6
60 a 64;Feminino;Parda;Acre;AC;1
60 a 64;Masculino;Branca;Acre;AC;2
60 a 64;Masculino;Indígena;Acre;AC;1
60 a 64;Masculino;Parda;Acre;AC;2
60 a 64;Masculino;Preta;Acre;AC;1
65 a 69;Feminino;Parda;Acre;AC;1
65 a 69;Masculino;Parda;Acre;AC;1
Menos de 10;Feminino;Parda;Acre;AC;1
10 a 14;Feminino;Parda;Alagoas;AL;1
10 a 14;Masculino;Parda;Alagoas;AL;17
15 a 19;Feminino;Parda;Alagoas;AL;10
15 a 19;Masculino;Amarela;Alagoas;AL;3
15 a 19;Masculino;Branca;Alagoas;AL;5
15 a 19;Masculino;Parda;Alagoas;AL;200
15 a 19;Masculino;Preta;Alagoas;AL;1
20 a 24;Feminino;Branca;Alagoas;AL;1
20 a 24;Feminino;Parda;Alagoas;AL;7
20 a 24;Masculino;Amarela;Alagoas;AL;2
20 a 24;Masculino;Branca;Alagoas;AL;1
20 a 24;Masculino;Indígena;Alagoas;AL;1
20 a 24;Masculino;Parda;Alagoas;AL;279
20 a 24;Masculino;Preta;Alagoas;AL;2
25 a 29;Feminino;Branca;Alagoas;AL;1
25 a 29;Feminino;Parda;Alagoas;AL;4
25 a 29;Masculino;Amarela;Alagoas;AL;1
25 a 29;Masculino;Indígena;Alagoas;AL;1
25 a 29;Masculino;Parda;Alagoas;AL;163
25 a 29;Masculino;Preta;Alagoas;AL;2
30 a 34;Feminino;Parda;Alagoas;AL;10
30 a 34;Masculino;Amarela;Alagoas;AL;1
30 a 34;Masculino;Branca;Alagoas;AL;2
30 a 34;Masculino;Indígena;Alagoas;AL;2
30 a 34;Masculino;Parda;Alagoas;AL;139
35 a 39;Feminino;Parda;Alagoas;AL;10
35 a 39;Masculino;Indígena;Alagoas;AL;1
35 a 39;Masculino;Parda;Alagoas;AL;88
35 a 39;Masculino;Preta;Alagoas;AL;3
40 a 44;Feminino;Branca;Alagoas;AL;1
40 a 44;Feminino;Parda;Alagoas;AL;3
40 a 44;Masculino;Amarela;Alagoas;AL;1
40 a 44;Masculino;Parda;Alagoas;AL;77
40 a 44;Masculino;Preta;Alagoas;AL;1
45 a 49;Feminino;Parda;Alagoas;AL;4
45 a 49;Masculino;Branca;Alagoas;AL;1
45 a 49;Masculino;Parda;Alagoas;AL;51
50 a 54;Masculino;Parda;Alagoas;AL;36
55 a 59;Feminino;Parda;Alagoas;AL;1
55 a 59;Masculino;Parda;Alagoas;AL;22
60 a 64;Masculino;Parda;Alagoas;AL;21
65 a 69;Feminino;Parda;Alagoas;AL;2
65 a 69;Masculino;Parda;Alagoas;AL;7
Mais de 70;Feminino;Parda;Alagoas;AL;2
Mais de 70;Masculino;Parda;Alagoas;AL;11
Menos de 10;Feminino;Parda;Alagoas;AL;1
Menos de 10;Masculino;Parda;Alagoas;AL;4
10 a 14;Feminino;Indígena;Amazonas;AM;1
10 a 14;Feminino;Parda;Amazonas;AM;4
10 a 14;Masculino;Parda;Amazonas;AM;5
15 a 19;Feminino;Branca;Amazonas;AM;2
15 a 19;Feminino;Indígena;Amazonas;AM;1
15 a 19;Feminino;Parda;Amazonas;AM;21
15 a 19;Feminino;Preta;Amazonas;AM;2
15 a 19;Masculino;Amarela;Amazonas;AM;2
15 a 19;Masculino;Branca;Amazonas;AM;3
15 a 19;Masculino;Indígena;Amazonas;AM;8
15 a 19;Masculino;Parda;Amazonas;AM;186
15 a 19;Masculino;Preta;Amazonas;AM;1
20 a 24;Feminino;Branca;Amazonas;AM;1
20 a 24;Feminino;Parda;Amazonas;AM;15
20 a 24;Masculino;Branca;Amazonas;AM;18
20 a 24;Masculino;Indígena;Amazonas;AM;5
20 a 24;Masculino;Parda;Amazonas;AM;314
20 a 24;Masculino;Preta;Amazonas;AM;6
25 a 29;Feminino;Parda;Amazonas;AM;22
25 a 29;Masculino;Amarela;Amazonas;AM;2
25 a 29;Masculino;Branca;Amazonas;AM;14
25 a 29;Masculino;Indígena;Amazonas;AM;3
25 a 29;Masculino;Parda;Amazonas;AM;228
25 a 29;Masculino;Preta;Amazonas;AM;3
30 a 34;Feminino;Parda;Amazonas;AM;14
30 a 34;Masculino;Branca;Amazonas;AM;7
30 a 34;Masculino;Indígena;Amazonas;AM;4
30 a 34;Masculino;Parda;Amazonas;AM;193
35 a 39;Feminino;Branca;Amazonas;AM;2
35 a 39;Feminino;Parda;Amazonas;AM;11
35 a 39;Masculino;Branca;Amazonas;AM;6
35 a 39;Masculino;Indígena;Amazonas;AM;2
35 a 39;Masculino;Parda;Amazonas;AM;142
35 a 39;Masculino;Preta;Amazonas;AM;4
40 a 44;Feminino;Branca;Amazonas;AM;1
40 a 44;Feminino;Parda;Amazonas;AM;7
40 a 44;Masculino;Branca;Amazonas;AM;4
40 a 44;Masculino;Indígena;Amazonas;AM;3
40 a 44;Masculino;Parda;Amazonas;AM;76
40 a 44;Masculino;Preta;Amazonas;AM;1
45 a 49;Feminino;Parda;Amazonas;AM;3
45 a 49;Masculino;Branca;Amazonas;AM;5
45 a 49;Masculino;Parda;Amazonas;AM;51
45 a 49;Masculino;Preta;Amazonas;AM;1
50 a 54;Feminino;Parda;Amazonas;AM;4
50 a 54;Masculino;Branca;Amazonas;AM;1
50 a 54;Masculino;Indígena;Amazonas;AM;1
50 a 54;Masculino;Parda;Amazonas;AM;33
55 a 59;Feminino;Parda;Amazonas;AM;2
55 a 59;Masculino;Branca;Amazonas;AM;1
55 a 59;Masculino;Indígena;Amazonas;AM;1
55 a 59;Masculino;Parda;Amazonas;AM;12
60 a 64;Feminino;Indígena;Amazonas;AM;1
60 a 64;Feminino;Parda;Amazonas;AM;1
60 a 64;Masculino;Indígena;Amazonas;AM;2
60 a 64;Masculino;Parda;Amazonas;AM;10
60 a 64;Masculino;Preta;Amazonas;AM;1
65 a 69;Feminino;Parda;Amazonas;AM;1
65 a 69;Masculino;Parda;Amazonas;AM;7
65 a 69;Masculino;Preta;Amazonas;AM;1
Mais de 70;Feminino;Parda;Amazonas;AM;3
Mais de 70;Masculino;Branca;Amazonas;AM;1
Mais de 70;Masculino;Parda;Amazonas;AM;12
Menos de 10;Feminino;Branca;Amazonas;AM;1
Menos de 10;Feminino;Indígena;Amazonas;AM;5
Menos de 10;Masculino;Indígena;Amazonas;AM;10
Menos de 10;Masculino;Parda;Amazonas;AM;6
10 a 14;Masculino;Parda;AmapÃ¡;AP;1
15 a 19;Feminino;Parda;AmapÃ¡;AP;1
15 a 19;Masculino;Amarela;AmapÃ¡;AP;1
15 a 19;Masculino;Branca;AmapÃ¡;AP;2
15 a 19;Masculino;Parda;AmapÃ¡;AP;90
15 a 19;Masculino;Preta;AmapÃ¡;AP;2
20 a 24;Feminino;Parda;AmapÃ¡;AP;4
20 a 24;Masculino;Amarela;AmapÃ¡;AP;2
20 a 24;Masculino;Branca;AmapÃ¡;AP;6
20 a 24;Masculino;Parda;AmapÃ¡;AP;100
20 a 24;Masculino;Preta;AmapÃ¡;AP;1
25 a 29;Masculino;Branca;AmapÃ¡;AP;3
25 a 29;Masculino;Parda;AmapÃ¡;AP;57
25 a 29;Masculino;Preta;AmapÃ¡;AP;4
30 a 34;Feminino;Branca;AmapÃ¡;AP;2
30 a 34;Feminino;Parda;AmapÃ¡;AP;1
30 a 34;Masculino;Amarela;AmapÃ¡;AP;1
30 a 34;Masculino;Branca;AmapÃ¡;AP;5
30 a 34;Masculino;Parda;AmapÃ¡;AP;34
35 a 39;Feminino;Parda;AmapÃ¡;AP;2
35 a 39;Masculino;Branca;AmapÃ¡;AP;1
35 a 39;Masculino;Parda;AmapÃ¡;AP;28
35 a 39;Masculino;Preta;AmapÃ¡;AP;1
40 a 44;Masculino;Branca;AmapÃ¡;AP;1
40 a 44;Masculino;Parda;AmapÃ¡;AP;17
45 a 49;Feminino;Parda;AmapÃ¡;AP;2
45 a 49;Masculino;Parda;AmapÃ¡;AP;13
45 a 49;Masculino;Preta;AmapÃ¡;AP;1
50 a 54;Feminino;Parda;AmapÃ¡;AP;3
50 a 54;Masculino;Branca;AmapÃ¡;AP;1
50 a 54;Masculino;Parda;AmapÃ¡;AP;8
50 a 54;Masculino;Preta;AmapÃ¡;AP;2
55 a 59;Feminino;Parda;AmapÃ¡;AP;1
55 a 59;Masculino;Branca;AmapÃ¡;AP;1
55 a 59;Masculino;Parda;AmapÃ¡;AP;7
55 a 59;Masculino;Preta;AmapÃ¡;AP;1
60 a 64;Masculino;Parda;AmapÃ¡;AP;3
65 a 69;Masculino;Parda;AmapÃ¡;AP;6
65 a 69;Masculino;Preta;AmapÃ¡;AP;1
Mais de 70;Masculino;Branca;AmapÃ¡;AP;2
Mais de 70;Masculino;Parda;AmapÃ¡;AP;1
Menos de 10;Masculino;Parda;AmapÃ¡;AP;1
10 a 14;Feminino;Parda;Bahia;BA;14
10 a 14;Feminino;Preta;Bahia;BA;3
10 a 14;Masculino;Branca;Bahia;BA;5
10 a 14;Masculino;Parda;Bahia;BA;38
10 a 14;Masculino;Preta;Bahia;BA;4
15 a 19;Feminino;Branca;Bahia;BA;6
15 a 19;Feminino;Parda;Bahia;BA;41
15 a 19;Feminino;Preta;Bahia;BA;5
15 a 19;Masculino;Branca;Bahia;BA;64
15 a 19;Masculino;Indígena;Bahia;BA;1
15 a 19;Masculino;Parda;Bahia;BA;905
15 a 19;Masculino;Preta;Bahia;BA;201
20 a 24;Feminino;Branca;Bahia;BA;2
20 a 24;Feminino;Parda;Bahia;BA;51
20 a 24;Feminino;Preta;Bahia;BA;14
20 a 24;Masculino;Branca;Bahia;BA;91
20 a 24;Masculino;Parda;Bahia;BA;1271
20 a 24;Masculino;Preta;Bahia;BA;247
25 a 29;Feminino;Branca;Bahia;BA;4
25 a 29;Feminino;Parda;Bahia;BA;49
25 a 29;Feminino;Preta;Bahia;BA;7
25 a 29;Masculino;Amarela;Bahia;BA;2
25 a 29;Masculino;Branca;Bahia;BA;58
25 a 29;Masculino;Parda;Bahia;BA;805
25 a 29;Masculino;Preta;Bahia;BA;186
30 a 34;Feminino;Branca;Bahia;BA;2
30 a 34;Feminino;Parda;Bahia;BA;39
30 a 34;Feminino;Preta;Bahia;BA;6
30 a 34;Masculino;Branca;Bahia;BA;39
30 a 34;Masculino;Indígena;Bahia;BA;1
30 a 34;Masculino;Parda;Bahia;BA;563
30 a 34;Masculino;Preta;Bahia;BA;110
35 a 39;Feminino;Branca;Bahia;BA;7
35 a 39;Feminino;Parda;Bahia;BA;40
35 a 39;Feminino;Preta;Bahia;BA;8
35 a 39;Masculino;Branca;Bahia;BA;38
35 a 39;Masculino;Parda;Bahia;BA;436
35 a 39;Masculino;Preta;Bahia;BA;82
40 a 44;Feminino;Branca;Bahia;BA;6
40 a 44;Feminino;Indígena;Bahia;BA;1
40 a 44;Feminino;Parda;Bahia;BA;29
40 a 44;Feminino;Preta;Bahia;BA;7
40 a 44;Masculino;Amarela;Bahia;BA;3
40 a 44;Masculino;Branca;Bahia;BA;22
40 a 44;Masculino;Parda;Bahia;BA;261
40 a 44;Masculino;Preta;Bahia;BA;35
45 a 49;Feminino;Branca;Bahia;BA;2
45 a 49;Feminino;Parda;Bahia;BA;11
45 a 49;Feminino;Preta;Bahia;BA;2
45 a 49;Masculino;Amarela;Bahia;BA;1
45 a 49;Masculino;Branca;Bahia;BA;16
45 a 49;Masculino;Parda;Bahia;BA;152
45 a 49;Masculino;Preta;Bahia;BA;32
50 a 54;Feminino;Branca;Bahia;BA;1
50 a 54;Feminino;Parda;Bahia;BA;9
50 a 54;Feminino;Preta;Bahia;BA;1
50 a 54;Masculino;Branca;Bahia;BA;12
50 a 54;Masculino;Indígena;Bahia;BA;1
50 a 54;Masculino;Parda;Bahia;BA;112
50 a 54;Masculino;Preta;Bahia;BA;17
55 a 59;Feminino;Branca;Bahia;BA;1
55 a 59;Feminino;Parda;Bahia;BA;8
55 a 59;Masculino;Branca;Bahia;BA;8
55 a 59;Masculino;Parda;Bahia;BA;79
55 a 59;Masculino;Preta;Bahia;BA;13
60 a 64;Feminino;Branca;Bahia;BA;3
60 a 64;Feminino;Parda;Bahia;BA;5
60 a 64;Feminino;Preta;Bahia;BA;1
60 a 64;Masculino;Branca;Bahia;BA;9
60 a 64;Masculino;Parda;Bahia;BA;48
60 a 64;Masculino;Preta;Bahia;BA;11
65 a 69;Feminino;Branca;Bahia;BA;5
65 a 69;Feminino;Parda;Bahia;BA;2
65 a 69;Masculino;Branca;Bahia;BA;3
65 a 69;Masculino;Parda;Bahia;BA;24
65 a 69;Masculino;Preta;Bahia;BA;5
Mais de 70;Feminino;Branca;Bahia;BA;3
Mais de 70;Feminino;Parda;Bahia;BA;8
Mais de 70;Feminino;Preta;Bahia;BA;2
Mais de 70;Masculino;Branca;Bahia;BA;13
Mais de 70;Masculino;Parda;Bahia;BA;42
Mais de 70;Masculino;Preta;Bahia;BA;7
Menos de 10;Feminino;Branca;Bahia;BA;1
Menos de 10;Feminino;Parda;Bahia;BA;5
Menos de 10;Masculino;Parda;Bahia;BA;9
Menos de 10;Masculino;Preta;Bahia;BA;1
10 a 14;Feminino;Parda;CearÃ¡;CE;21
10 a 14;Masculino;Branca;CearÃ¡;CE;1
10 a 14;Masculino;Indígena;CearÃ¡;CE;1
10 a 14;Masculino;Parda;CearÃ¡;CE;51
15 a 19;Feminino;Branca;CearÃ¡;CE;6
15 a 19;Feminino;Parda;CearÃ¡;CE;92
15 a 19;Masculino;Branca;CearÃ¡;CE;51
15 a 19;Masculino;Indígena;CearÃ¡;CE;3
15 a 19;Masculino;Parda;CearÃ¡;CE;731
15 a 19;Masculino;Preta;CearÃ¡;CE;4
20 a 24;Feminino;Branca;CearÃ¡;CE;5
20 a 24;Feminino;Parda;CearÃ¡;CE;82
20 a 24;Feminino;Preta;CearÃ¡;CE;1
20 a 24;Masculino;Amarela;CearÃ¡;CE;2
20 a 24;Masculino;Branca;CearÃ¡;CE;74
20 a 24;Masculino;Indígena;CearÃ¡;CE;1
20 a 24;Masculino;Parda;CearÃ¡;CE;957
20 a 24;Masculino;Preta;CearÃ¡;CE;3
25 a 29;Feminino;Branca;CearÃ¡;CE;7
25 a 29;Feminino;Parda;CearÃ¡;CE;56
25 a 29;Masculino;Branca;CearÃ¡;CE;59
25 a 29;Masculino;Indígena;CearÃ¡;CE;1
25 a 29;Masculino;Parda;CearÃ¡;CE;657
25 a 29;Masculino;Preta;CearÃ¡;CE;4
30 a 34;Feminino;Branca;CearÃ¡;CE;8
30 a 34;Feminino;Parda;CearÃ¡;CE;47
30 a 34;Masculino;Branca;CearÃ¡;CE;43
30 a 34;Masculino;Parda;CearÃ¡;CE;480
30 a 34;Masculino;Preta;CearÃ¡;CE;6
35 a 39;Feminino;Branca;CearÃ¡;CE;2
35 a 39;Feminino;Parda;CearÃ¡;CE;42
35 a 39;Masculino;Branca;CearÃ¡;CE;31
35 a 39;Masculino;Indígena;CearÃ¡;CE;1
35 a 39;Masculino;Parda;CearÃ¡;CE;413
35 a 39;Masculino;Preta;CearÃ¡;CE;2
40 a 44;Feminino;Branca;CearÃ¡;CE;4
40 a 44;Feminino;Parda;CearÃ¡;CE;29
40 a 44;Masculino;Amarela;CearÃ¡;CE;1
40 a 44;Masculino;Branca;CearÃ¡;CE;21
40 a 44;Masculino;Parda;CearÃ¡;CE;242
40 a 44;Masculino;Preta;CearÃ¡;CE;1
45 a 49;Feminino;Branca;CearÃ¡;CE;3
45 a 49;Feminino;Parda;CearÃ¡;CE;16
45 a 49;Masculino;Branca;CearÃ¡;CE;12
45 a 49;Masculino;Parda;CearÃ¡;CE;159
45 a 49;Masculino;Preta;CearÃ¡;CE;5
50 a 54;Feminino;Branca;CearÃ¡;CE;3
50 a 54;Feminino;Parda;CearÃ¡;CE;14
50 a 54;Masculino;Branca;CearÃ¡;CE;12
50 a 54;Masculino;Indígena;CearÃ¡;CE;2
50 a 54;Masculino;Parda;CearÃ¡;CE;145
50 a 54;Masculino;Preta;CearÃ¡;CE;1
55 a 59;Feminino;Branca;CearÃ¡;CE;1
55 a 59;Feminino;Parda;CearÃ¡;CE;9
55 a 59;Masculino;Branca;CearÃ¡;CE;7
55 a 59;Masculino;Parda;CearÃ¡;CE;67
55 a 59;Masculino;Preta;CearÃ¡;CE;1
60 a 64;Feminino;Branca;CearÃ¡;CE;2
60 a 64;Masculino;Branca;CearÃ¡;CE;7
60 a 64;Masculino;Parda;CearÃ¡;CE;42
60 a 64;Masculino;Preta;CearÃ¡;CE;1
65 a 69;Feminino;Branca;CearÃ¡;CE;1
65 a 69;Feminino;Parda;CearÃ¡;CE;2
65 a 69;Masculino;Branca;CearÃ¡;CE;4
65 a 69;Masculino;Parda;CearÃ¡;CE;34
65 a 69;Masculino;Preta;CearÃ¡;CE;1
Mais de 70;Feminino;Branca;CearÃ¡;CE;4
Mais de 70;Feminino;Parda;CearÃ¡;CE;13
Mais de 70;Masculino;Branca;CearÃ¡;CE;7
Mais de 70;Masculino;Parda;CearÃ¡;CE;44
Menos de 10;Feminino;Branca;CearÃ¡;CE;1
Menos de 10;Feminino;Parda;CearÃ¡;CE;1
Menos de 10;Masculino;Branca;CearÃ¡;CE;1
Menos de 10;Masculino;Parda;CearÃ¡;CE;2
10 a 14;Masculino;Branca;Distrito Federal;DF;1
10 a 14;Masculino;Parda;Distrito Federal;DF;5
15 a 19;Feminino;Branca;Distrito Federal;DF;1
15 a 19;Feminino;Parda;Distrito Federal;DF;1
15 a 19;Masculino;Branca;Distrito Federal;DF;20
15 a 19;Masculino;Parda;Distrito Federal;DF;51
15 a 19;Masculino;Preta;Distrito Federal;DF;11
20 a 24;Feminino;Branca;Distrito Federal;DF;2
20 a 24;Feminino;Parda;Distrito Federal;DF;4
20 a 24;Masculino;Amarela;Distrito Federal;DF;1
20 a 24;Masculino;Branca;Distrito Federal;DF;21
20 a 24;Masculino;Parda;Distrito Federal;DF;71
20 a 24;Masculino;Preta;Distrito Federal;DF;4
25 a 29;Feminino;Branca;Distrito Federal;DF;2
25 a 29;Feminino;Parda;Distrito Federal;DF;3
25 a 29;Masculino;Branca;Distrito Federal;DF;9
25 a 29;Masculino;Parda;Distrito Federal;DF;65
25 a 29;Masculino;Preta;Distrito Federal;DF;4
30 a 34;Feminino;Branca;Distrito Federal;DF;1
30 a 34;Feminino;Parda;Distrito Federal;DF;5
30 a 34;Masculino;Branca;Distrito Federal;DF;3
30 a 34;Masculino;Parda;Distrito Federal;DF;47
30 a 34;Masculino;Preta;Distrito Federal;DF;5
35 a 39;Feminino;Branca;Distrito Federal;DF;2
35 a 39;Feminino;Parda;Distrito Federal;DF;7
35 a 39;Masculino;Branca;Distrito Federal;DF;12
35 a 39;Masculino;Indígena;Distrito Federal;DF;1
35 a 39;Masculino;Parda;Distrito Federal;DF;44
35 a 39;Masculino;Preta;Distrito Federal;DF;6
40 a 44;Feminino;Branca;Distrito Federal;DF;5
40 a 44;Feminino;Parda;Distrito Federal;DF;4
40 a 44;Feminino;Preta;Distrito Federal;DF;1
40 a 44;Masculino;Branca;Distrito Federal;DF;9
40 a 44;Masculino;Parda;Distrito Federal;DF;18
40 a 44;Masculino;Preta;Distrito Federal;DF;2
45 a 49;Feminino;Parda;Distrito Federal;DF;5
45 a 49;Masculino;Branca;Distrito Federal;DF;9
45 a 49;Masculino;Parda;Distrito Federal;DF;10
45 a 49;Masculino;Preta;Distrito Federal;DF;1
50 a 54;Feminino;Branca;Distrito Federal;DF;1
50 a 54;Feminino;Parda;Distrito Federal;DF;2
50 a 54;Masculino;Branca;Distrito Federal;DF;1
50 a 54;Masculino;Parda;Distrito Federal;DF;7
55 a 59;Feminino;Branca;Distrito Federal;DF;2
55 a 59;Feminino;Parda;Distrito Federal;DF;1
55 a 59;Masculino;Branca;Distrito Federal;DF;3
55 a 59;Masculino;Parda;Distrito Federal;DF;5
55 a 59;Masculino;Preta;Distrito Federal;DF;2
60 a 64;Feminino;Parda;Distrito Federal;DF;1
60 a 64;Masculino;Parda;Distrito Federal;DF;4
60 a 64;Masculino;Preta;Distrito Federal;DF;1
65 a 69;Masculino;Branca;Distrito Federal;DF;3
Mais de 70;Feminino;Branca;Distrito Federal;DF;1
Mais de 70;Masculino;Branca;Distrito Federal;DF;4
Mais de 70;Masculino;Parda;Distrito Federal;DF;6
Menos de 10;Feminino;Branca;Distrito Federal;DF;2
Menos de 10;Feminino;Parda;Distrito Federal;DF;1
Menos de 10;Masculino;Branca;Distrito Federal;DF;1
Menos de 10;Masculino;Parda;Distrito Federal;DF;1
10 a 14;Feminino;Parda;EspÃ­rito Santo;ES;2
10 a 14;Masculino;Parda;EspÃ­rito Santo;ES;14
15 a 19;Feminino;Branca;EspÃ­rito Santo;ES;2
15 a 19;Feminino;Parda;EspÃ­rito Santo;ES;12
15 a 19;Masculino;Branca;EspÃ­rito Santo;ES;20
15 a 19;Masculino;Parda;EspÃ­rito Santo;ES;157
15 a 19;Masculino;Preta;EspÃ­rito Santo;ES;13
20 a 24;Feminino;Branca;EspÃ­rito Santo;ES;3
20 a 24;Feminino;Parda;EspÃ­rito Santo;ES;16
20 a 24;Feminino;Preta;EspÃ­rito Santo;ES;1
20 a 24;Masculino;Branca;EspÃ­rito Santo;ES;10
20 a 24;Masculino;Parda;EspÃ­rito Santo;ES;176
20 a 24;Masculino;Preta;EspÃ­rito Santo;ES;23
25 a 29;Feminino;Parda;EspÃ­rito Santo;ES;6
25 a 29;Feminino;Preta;EspÃ­rito Santo;ES;1
25 a 29;Masculino;Branca;EspÃ­rito Santo;ES;14
25 a 29;Masculino;Parda;EspÃ­rito Santo;ES;121
25 a 29;Masculino;Preta;EspÃ­rito Santo;ES;11
30 a 34;Feminino;Parda;EspÃ­rito Santo;ES;9
30 a 34;Feminino;Preta;EspÃ­rito Santo;ES;1
30 a 34;Masculino;Branca;EspÃ­rito Santo;ES;9
30 a 34;Masculino;Parda;EspÃ­rito Santo;ES;103
30 a 34;Masculino;Preta;EspÃ­rito Santo;ES;9
35 a 39;Feminino;Branca;EspÃ­rito Santo;ES;2
35 a 39;Feminino;Parda;EspÃ­rito Santo;ES;3
35 a 39;Feminino;Preta;EspÃ­rito Santo;ES;1
35 a 39;Masculino;Amarela;EspÃ­rito Santo;ES;1
35 a 39;Masculino;Branca;EspÃ­rito Santo;ES;13
35 a 39;Masculino;Parda;EspÃ­rito Santo;ES;93
35 a 39;Masculino;Preta;EspÃ­rito Santo;ES;10
40 a 44;Feminino;Branca;EspÃ­rito Santo;ES;3
40 a 44;Feminino;Parda;EspÃ­rito Santo;ES;7
40 a 44;Feminino;Preta;EspÃ­rito Santo;ES;1
40 a 44;Masculino;Branca;EspÃ­rito Santo;ES;10
40 a 44;Masculino;Parda;EspÃ­rito Santo;ES;40
40 a 44;Masculino;Preta;EspÃ­rito Santo;ES;7
45 a 49;Feminino;Branca;EspÃ­rito Santo;ES;3
45 a 49;Feminino;Parda;EspÃ­rito Santo;ES;2
45 a 49;Masculino;Branca;EspÃ­rito Santo;ES;2
45 a 49;Masculino;Parda;EspÃ­rito Santo;ES;36
45 a 49;Masculino;Preta;EspÃ­rito Santo;ES;5
50 a 54;Feminino;Branca;EspÃ­rito Santo;ES;2
50 a 54;Feminino;Parda;EspÃ­rito Santo;ES;7
50 a 54;Feminino;Preta;EspÃ­rito Santo;ES;1
50 a 54;Masculino;Branca;EspÃ­rito Santo;ES;6
50 a 54;Masculino;Parda;EspÃ­rito Santo;ES;18
50 a 54;Masculino;Preta;EspÃ­rito Santo;ES;6
55 a 59;Feminino;Parda;EspÃ­rito Santo;ES;2
55 a 59;Masculino;Branca;EspÃ­rito Santo;ES;6
55 a 59;Masculino;Parda;EspÃ­rito Santo;ES;22
55 a 59;Masculino;Preta;EspÃ­rito Santo;ES;2
60 a 64;Feminino;Branca;EspÃ­rito Santo;ES;2
60 a 64;Feminino;Parda;EspÃ­rito Santo;ES;2
60 a 64;Masculino;Branca;EspÃ­rito Santo;ES;7
60 a 64;Masculino;Parda;EspÃ­rito Santo;ES;24
65 a 69;Masculino;Branca;EspÃ­rito Santo;ES;5
65 a 69;Masculino;Parda;EspÃ­rito Santo;ES;1
Mais de 70;Feminino;Branca;EspÃ­rito Santo;ES;3
Mais de 70;Feminino;Parda;EspÃ­rito Santo;ES;1
Mais de 70;Feminino;Preta;EspÃ­rito Santo;ES;1
Mais de 70;Masculino;Branca;EspÃ­rito Santo;ES;7
Mais de 70;Masculino;Parda;EspÃ­rito Santo;ES;9
Menos de 10;Masculino;Branca;EspÃ­rito Santo;ES;2
Menos de 10;Masculino;Parda;EspÃ­rito Santo;ES;3
10 a 14;Feminino;Parda;GoiÃ¡s;GO;4
10 a 14;Feminino;Preta;GoiÃ¡s;GO;1
10 a 14;Masculino;Branca;GoiÃ¡s;GO;3
10 a 14;Masculino;Parda;GoiÃ¡s;GO;11
15 a 19;Feminino;Branca;GoiÃ¡s;GO;7
15 a 19;Feminino;Parda;GoiÃ¡s;GO;16
15 a 19;Feminino;Preta;GoiÃ¡s;GO;1
15 a 19;Masculino;Amarela;GoiÃ¡s;GO;1
15 a 19;Masculino;Branca;GoiÃ¡s;GO;64
15 a 19;Masculino;Parda;GoiÃ¡s;GO;298
15 a 19;Masculino;Preta;GoiÃ¡s;GO;29
20 a 24;Feminino;Branca;GoiÃ¡s;GO;6
20 a 24;Feminino;Parda;GoiÃ¡s;GO;21
20 a 24;Feminino;Preta;GoiÃ¡s;GO;5
20 a 24;Masculino;Amarela;GoiÃ¡s;GO;1
20 a 24;Masculino;Branca;GoiÃ¡s;GO;91
20 a 24;Masculino;Parda;GoiÃ¡s;GO;403
20 a 24;Masculino;Preta;GoiÃ¡s;GO;39
25 a 29;Feminino;Branca;GoiÃ¡s;GO;4
25 a 29;Feminino;Parda;GoiÃ¡s;GO;29
25 a 29;Masculino;Branca;GoiÃ¡s;GO;84
25 a 29;Masculino;Indígena;GoiÃ¡s;GO;1
25 a 29;Masculino;Parda;GoiÃ¡s;GO;299
25 a 29;Masculino;Preta;GoiÃ¡s;GO;24
30 a 34;Feminino;Branca;GoiÃ¡s;GO;10
30 a 34;Feminino;Parda;GoiÃ¡s;GO;26
30 a 34;Masculino;Branca;GoiÃ¡s;GO;63
30 a 34;Masculino;Parda;GoiÃ¡s;GO;243
30 a 34;Masculino;Preta;GoiÃ¡s;GO;23
35 a 39;Feminino;Branca;GoiÃ¡s;GO;7
35 a 39;Feminino;Parda;GoiÃ¡s;GO;16
35 a 39;Feminino;Preta;GoiÃ¡s;GO;1
35 a 39;Masculino;Branca;GoiÃ¡s;GO;49
35 a 39;Masculino;Parda;GoiÃ¡s;GO;173
35 a 39;Masculino;Preta;GoiÃ¡s;GO;18
40 a 44;Feminino;Branca;GoiÃ¡s;GO;6
40 a 44;Feminino;Parda;GoiÃ¡s;GO;8
40 a 44;Feminino;Preta;GoiÃ¡s;GO;3
40 a 44;Masculino;Branca;GoiÃ¡s;GO;35
40 a 44;Masculino;Parda;GoiÃ¡s;GO;111
40 a 44;Masculino;Preta;GoiÃ¡s;GO;9
45 a 49;Feminino;Branca;GoiÃ¡s;GO;6
45 a 49;Feminino;Parda;GoiÃ¡s;GO;6
45 a 49;Feminino;Preta;GoiÃ¡s;GO;1
45 a 49;Masculino;Branca;GoiÃ¡s;GO;26
45 a 49;Masculino;Indígena;GoiÃ¡s;GO;1
45 a 49;Masculino;Parda;GoiÃ¡s;GO;91
45 a 49;Masculino;Preta;GoiÃ¡s;GO;9
50 a 54;Feminino;Branca;GoiÃ¡s;GO;5
50 a 54;Feminino;Parda;GoiÃ¡s;GO;4
50 a 54;Feminino;Preta;GoiÃ¡s;GO;1
50 a 54;Masculino;Branca;GoiÃ¡s;GO;27
50 a 54;Masculino;Parda;GoiÃ¡s;GO;40
50 a 54;Masculino;Preta;GoiÃ¡s;GO;3
55 a 59;Feminino;Branca;GoiÃ¡s;GO;1
55 a 59;Feminino;Parda;GoiÃ¡s;GO;3
55 a 59;Masculino;Branca;GoiÃ¡s;GO;7
55 a 59;Masculino;Parda;GoiÃ¡s;GO;35
55 a 59;Masculino;Preta;GoiÃ¡s;GO;2
60 a 64;Feminino;Branca;GoiÃ¡s;GO;3
60 a 64;Feminino;Parda;GoiÃ¡s;GO;3
60 a 64;Masculino;Branca;GoiÃ¡s;GO;7
60 a 64;Masculino;Parda;GoiÃ¡s;GO;12
60 a 64;Masculino;Preta;GoiÃ¡s;GO;1
65 a 69;Feminino;Branca;GoiÃ¡s;GO;1
65 a 69;Feminino;Parda;GoiÃ¡s;GO;3
65 a 69;Masculino;Branca;GoiÃ¡s;GO;8
65 a 69;Masculino;Parda;GoiÃ¡s;GO;14
65 a 69;Masculino;Preta;GoiÃ¡s;GO;1
Mais de 70;Feminino;Branca;GoiÃ¡s;GO;4
Mais de 70;Feminino;Parda;GoiÃ¡s;GO;1
Mais de 70;Masculino;Branca;GoiÃ¡s;GO;12
Mais de 70;Masculino;Parda;GoiÃ¡s;GO;22
Mais de 70;Masculino;Preta;GoiÃ¡s;GO;1
Menos de 10;Feminino;Branca;GoiÃ¡s;GO;2
Menos de 10;Feminino;Parda;GoiÃ¡s;GO;3
Menos de 10;Masculino;Branca;GoiÃ¡s;GO;4
Menos de 10;Masculino;Parda;GoiÃ¡s;GO;3
10 a 14;Feminino;Parda;MaranhÃ£o;MA;6
10 a 14;Masculino;Parda;MaranhÃ£o;MA;16
10 a 14;Masculino;Preta;MaranhÃ£o;MA;1
15 a 19;Feminino;Branca;MaranhÃ£o;MA;2
15 a 19;Feminino;Parda;MaranhÃ£o;MA;11
15 a 19;Masculino;Branca;MaranhÃ£o;MA;22
15 a 19;Masculino;Parda;MaranhÃ£o;MA;191
15 a 19;Masculino;Preta;MaranhÃ£o;MA;32
20 a 24;Feminino;Branca;MaranhÃ£o;MA;2
20 a 24;Feminino;Parda;MaranhÃ£o;MA;12
20 a 24;Feminino;Preta;MaranhÃ£o;MA;2
20 a 24;Masculino;Branca;MaranhÃ£o;MA;22
20 a 24;Masculino;Indígena;MaranhÃ£o;MA;2
20 a 24;Masculino;Parda;MaranhÃ£o;MA;279
20 a 24;Masculino;Preta;MaranhÃ£o;MA;44
25 a 29;Feminino;Branca;MaranhÃ£o;MA;1
25 a 29;Feminino;Parda;MaranhÃ£o;MA;9
25 a 29;Masculino;Branca;MaranhÃ£o;MA;24
25 a 29;Masculino;Indígena;MaranhÃ£o;MA;1
25 a 29;Masculino;Parda;MaranhÃ£o;MA;272
25 a 29;Masculino;Preta;MaranhÃ£o;MA;35
30 a 34;Feminino;Branca;MaranhÃ£o;MA;1
30 a 34;Feminino;Parda;MaranhÃ£o;MA;19
30 a 34;Feminino;Preta;MaranhÃ£o;MA;1
30 a 34;Masculino;Branca;MaranhÃ£o;MA;17
30 a 34;Masculino;Indígena;MaranhÃ£o;MA;2
30 a 34;Masculino;Parda;MaranhÃ£o;MA;210
30 a 34;Masculino;Preta;MaranhÃ£o;MA;25
35 a 39;Feminino;Branca;MaranhÃ£o;MA;2
35 a 39;Feminino;Parda;MaranhÃ£o;MA;8
35 a 39;Feminino;Preta;MaranhÃ£o;MA;3
35 a 39;Masculino;Branca;MaranhÃ£o;MA;24
35 a 39;Masculino;Indígena;MaranhÃ£o;MA;1
35 a 39;Masculino;Parda;MaranhÃ£o;MA;172
35 a 39;Masculino;Preta;MaranhÃ£o;MA;14
40 a 44;Feminino;Parda;MaranhÃ£o;MA;9
40 a 44;Feminino;Preta;MaranhÃ£o;MA;1
40 a 44;Masculino;Amarela;MaranhÃ£o;MA;1
40 a 44;Masculino;Branca;MaranhÃ£o;MA;13
40 a 44;Masculino;Parda;MaranhÃ£o;MA;92
40 a 44;Masculino;Preta;MaranhÃ£o;MA;9
45 a 49;Feminino;Branca;MaranhÃ£o;MA;1
45 a 49;Feminino;Parda;MaranhÃ£o;MA;4
45 a 49;Masculino;Amarela;MaranhÃ£o;MA;1
45 a 49;Masculino;Branca;MaranhÃ£o;MA;12
45 a 49;Masculino;Indígena;MaranhÃ£o;MA;1
45 a 49;Masculino;Parda;MaranhÃ£o;MA;79
45 a 49;Masculino;Preta;MaranhÃ£o;MA;7
50 a 54;Feminino;Branca;MaranhÃ£o;MA;1
50 a 54;Feminino;Parda;MaranhÃ£o;MA;2
50 a 54;Feminino;Preta;MaranhÃ£o;MA;2
50 a 54;Masculino;Branca;MaranhÃ£o;MA;9
50 a 54;Masculino;Indígena;MaranhÃ£o;MA;1
50 a 54;Masculino;Parda;MaranhÃ£o;MA;54
50 a 54;Masculino;Preta;MaranhÃ£o;MA;5
55 a 59;Feminino;Parda;MaranhÃ£o;MA;1
55 a 59;Masculino;Branca;MaranhÃ£o;MA;4
55 a 59;Masculino;Parda;MaranhÃ£o;MA;26
55 a 59;Masculino;Preta;MaranhÃ£o;MA;6
60 a 64;Feminino;Parda;MaranhÃ£o;MA;3
60 a 64;Masculino;Branca;MaranhÃ£o;MA;7
60 a 64;Masculino;Parda;MaranhÃ£o;MA;19
60 a 64;Masculino;Preta;MaranhÃ£o;MA;4
65 a 69;Feminino;Parda;MaranhÃ£o;MA;1
65 a 69;Masculino;Branca;MaranhÃ£o;MA;3
65 a 69;Masculino;Parda;MaranhÃ£o;MA;18
65 a 69;Masculino;Preta;MaranhÃ£o;MA;1
Mais de 70;Feminino;Parda;MaranhÃ£o;MA;3
Mais de 70;Feminino;Preta;MaranhÃ£o;MA;1
Mais de 70;Masculino;Branca;MaranhÃ£o;MA;4
Mais de 70;Masculino;Parda;MaranhÃ£o;MA;19
Mais de 70;Masculino;Preta;MaranhÃ£o;MA;3
Menos de 10;Feminino;Branca;MaranhÃ£o;MA;1
Menos de 10;Feminino;Parda;MaranhÃ£o;MA;6
Menos de 10;Feminino;Preta;MaranhÃ£o;MA;1
Menos de 10;Masculino;Parda;MaranhÃ£o;MA;11
Menos de 10;Masculino;Preta;MaranhÃ£o;MA;2
10 a 14;Feminino;Branca;Minas Gerais;MG;1
10 a 14;Feminino;Parda;Minas Gerais;MG;3
10 a 14;Feminino;Preta;Minas Gerais;MG;1
10 a 14;Masculino;Branca;Minas Gerais;MG;3
10 a 14;Masculino;Parda;Minas Gerais;MG;11
10 a 14;Masculino;Preta;Minas Gerais;MG;2
15 a 19;Feminino;Branca;Minas Gerais;MG;16
15 a 19;Feminino;Parda;Minas Gerais;MG;21
15 a 19;Feminino;Preta;Minas Gerais;MG;6
15 a 19;Masculino;Branca;Minas Gerais;MG;78
15 a 19;Masculino;Parda;Minas Gerais;MG;316
15 a 19;Masculino;Preta;Minas Gerais;MG;72
20 a 24;Feminino;Branca;Minas Gerais;MG;6
20 a 24;Feminino;Parda;Minas Gerais;MG;24
20 a 24;Feminino;Preta;Minas Gerais;MG;7
20 a 24;Masculino;Amarela;Minas Gerais;MG;1
20 a 24;Masculino;Branca;Minas Gerais;MG;120
20 a 24;Masculino;Indígena;Minas Gerais;MG;2
20 a 24;Masculino;Parda;Minas Gerais;MG;368
20 a 24;Masculino;Preta;Minas Gerais;MG;96
25 a 29;Feminino;Branca;Minas Gerais;MG;11
25 a 29;Feminino;Indígena;Minas Gerais;MG;1
25 a 29;Feminino;Parda;Minas Gerais;MG;34
25 a 29;Feminino;Preta;Minas Gerais;MG;3
25 a 29;Masculino;Amarela;Minas Gerais;MG;1
25 a 29;Masculino;Branca;Minas Gerais;MG;102
25 a 29;Masculino;Indígena;Minas Gerais;MG;2
25 a 29;Masculino;Parda;Minas Gerais;MG;271
25 a 29;Masculino;Preta;Minas Gerais;MG;61
30 a 34;Feminino;Branca;Minas Gerais;MG;14
30 a 34;Feminino;Parda;Minas Gerais;MG;26
30 a 34;Feminino;Preta;Minas Gerais;MG;8
30 a 34;Masculino;Branca;Minas Gerais;MG;109
30 a 34;Masculino;Indígena;Minas Gerais;MG;1
30 a 34;Masculino;Parda;Minas Gerais;MG;240
30 a 34;Masculino;Preta;Minas Gerais;MG;63
35 a 39;Feminino;Branca;Minas Gerais;MG;14
35 a 39;Feminino;Parda;Minas Gerais;MG;24
35 a 39;Feminino;Preta;Minas Gerais;MG;5
35 a 39;Masculino;Branca;Minas Gerais;MG;76
35 a 39;Masculino;Parda;Minas Gerais;MG;212
35 a 39;Masculino;Preta;Minas Gerais;MG;58
40 a 44;Feminino;Branca;Minas Gerais;MG;12
40 a 44;Feminino;Parda;Minas Gerais;MG;23
40 a 44;Feminino;Preta;Minas Gerais;MG;5
40 a 44;Masculino;Branca;Minas Gerais;MG;59
40 a 44;Masculino;Parda;Minas Gerais;MG;120
40 a 44;Masculino;Preta;Minas Gerais;MG;33
45 a 49;Feminino;Branca;Minas Gerais;MG;4
45 a 49;Feminino;Parda;Minas Gerais;MG;11
45 a 49;Feminino;Preta;Minas Gerais;MG;2
45 a 49;Masculino;Branca;Minas Gerais;MG;47
45 a 49;Masculino;Parda;Minas Gerais;MG;91
45 a 49;Masculino;Preta;Minas Gerais;MG;21
50 a 54;Feminino;Branca;Minas Gerais;MG;5
50 a 54;Feminino;Parda;Minas Gerais;MG;7
50 a 54;Feminino;Preta;Minas Gerais;MG;3
50 a 54;Masculino;Branca;Minas Gerais;MG;29
50 a 54;Masculino;Indígena;Minas Gerais;MG;1
50 a 54;Masculino;Parda;Minas Gerais;MG;65
50 a 54;Masculino;Preta;Minas Gerais;MG;17
55 a 59;Feminino;Branca;Minas Gerais;MG;3
55 a 59;Feminino;Parda;Minas Gerais;MG;7
55 a 59;Masculino;Branca;Minas Gerais;MG;33
55 a 59;Masculino;Parda;Minas Gerais;MG;48
55 a 59;Masculino;Preta;Minas Gerais;MG;8
60 a 64;Feminino;Branca;Minas Gerais;MG;3
60 a 64;Feminino;Parda;Minas Gerais;MG;3
60 a 64;Feminino;Preta;Minas Gerais;MG;2
60 a 64;Masculino;Branca;Minas Gerais;MG;21
60 a 64;Masculino;Parda;Minas Gerais;MG;34
60 a 64;Masculino;Preta;Minas Gerais;MG;7
65 a 69;Feminino;Branca;Minas Gerais;MG;6
65 a 69;Feminino;Parda;Minas Gerais;MG;2
65 a 69;Feminino;Preta;Minas Gerais;MG;1
65 a 69;Masculino;Branca;Minas Gerais;MG;15
65 a 69;Masculino;Parda;Minas Gerais;MG;15
65 a 69;Masculino;Preta;Minas Gerais;MG;8
Mais de 70;Feminino;Branca;Minas Gerais;MG;9
Mais de 70;Feminino;Parda;Minas Gerais;MG;7
Mais de 70;Feminino;Preta;Minas Gerais;MG;2
Mais de 70;Masculino;Branca;Minas Gerais;MG;34
Mais de 70;Masculino;Parda;Minas Gerais;MG;32
Menos de 10;Feminino;Branca;Minas Gerais;MG;5
Menos de 10;Feminino;Parda;Minas Gerais;MG;6
Menos de 10;Feminino;Preta;Minas Gerais;MG;1
Menos de 10;Masculino;Branca;Minas Gerais;MG;2
Menos de 10;Masculino;Parda;Minas Gerais;MG;2
Menos de 10;Masculino;Preta;Minas Gerais;MG;2
10 a 14;Masculino;Branca;Mato Grosso do Sul;MS;2
10 a 14;Masculino;Indígena;Mato Grosso do Sul;MS;2
10 a 14;Masculino;Parda;Mato Grosso do Sul;MS;3
15 a 19;Feminino;Parda;Mato Grosso do Sul;MS;5
15 a 19;Masculino;Branca;Mato Grosso do Sul;MS;15
15 a 19;Masculino;Indígena;Mato Grosso do Sul;MS;6
15 a 19;Masculino;Parda;Mato Grosso do Sul;MS;35
15 a 19;Masculino;Preta;Mato Grosso do Sul;MS;2
20 a 24;Feminino;Branca;Mato Grosso do Sul;MS;1
20 a 24;Feminino;Parda;Mato Grosso do Sul;MS;6
20 a 24;Feminino;Preta;Mato Grosso do Sul;MS;3
20 a 24;Masculino;Branca;Mato Grosso do Sul;MS;24
20 a 24;Masculino;Indígena;Mato Grosso do Sul;MS;1
20 a 24;Masculino;Parda;Mato Grosso do Sul;MS;47
20 a 24;Masculino;Preta;Mato Grosso do Sul;MS;6
25 a 29;Feminino;Branca;Mato Grosso do Sul;MS;3
25 a 29;Feminino;Indígena;Mato Grosso do Sul;MS;1
25 a 29;Feminino;Parda;Mato Grosso do Sul;MS;5
25 a 29;Feminino;Preta;Mato Grosso do Sul;MS;1
25 a 29;Masculino;Amarela;Mato Grosso do Sul;MS;1
25 a 29;Masculino;Branca;Mato Grosso do Sul;MS;17
25 a 29;Masculino;Indígena;Mato Grosso do Sul;MS;3
25 a 29;Masculino;Parda;Mato Grosso do Sul;MS;52
25 a 29;Masculino;Preta;Mato Grosso do Sul;MS;5
30 a 34;Feminino;Branca;Mato Grosso do Sul;MS;7
30 a 34;Feminino;Indígena;Mato Grosso do Sul;MS;1
30 a 34;Feminino;Parda;Mato Grosso do Sul;MS;1
30 a 34;Feminino;Preta;Mato Grosso do Sul;MS;1
30 a 34;Masculino;Branca;Mato Grosso do Sul;MS;19
30 a 34;Masculino;Indígena;Mato Grosso do Sul;MS;1
30 a 34;Masculino;Parda;Mato Grosso do Sul;MS;34
30 a 34;Masculino;Preta;Mato Grosso do Sul;MS;5
35 a 39;Feminino;Amarela;Mato Grosso do Sul;MS;1
35 a 39;Feminino;Branca;Mato Grosso do Sul;MS;2
35 a 39;Feminino;Indígena;Mato Grosso do Sul;MS;1
35 a 39;Feminino;Parda;Mato Grosso do Sul;MS;6
35 a 39;Feminino;Preta;Mato Grosso do Sul;MS;1
35 a 39;Masculino;Branca;Mato Grosso do Sul;MS;10
35 a 39;Masculino;Indígena;Mato Grosso do Sul;MS;6
35 a 39;Masculino;Parda;Mato Grosso do Sul;MS;34
35 a 39;Masculino;Preta;Mato Grosso do Sul;MS;2
40 a 44;Feminino;Branca;Mato Grosso do Sul;MS;3
40 a 44;Feminino;Parda;Mato Grosso do Sul;MS;4
40 a 44;Masculino;Branca;Mato Grosso do Sul;MS;13
40 a 44;Masculino;Indígena;Mato Grosso do Sul;MS;3
40 a 44;Masculino;Parda;Mato Grosso do Sul;MS;24
45 a 49;Feminino;Branca;Mato Grosso do Sul;MS;1
45 a 49;Feminino;Parda;Mato Grosso do Sul;MS;1
45 a 49;Masculino;Branca;Mato Grosso do Sul;MS;14
45 a 49;Masculino;Parda;Mato Grosso do Sul;MS;20
45 a 49;Masculino;Preta;Mato Grosso do Sul;MS;2
50 a 54;Feminino;Branca;Mato Grosso do Sul;MS;2
50 a 54;Feminino;Indígena;Mato Grosso do Sul;MS;1
50 a 54;Masculino;Branca;Mato Grosso do Sul;MS;9
50 a 54;Masculino;Indígena;Mato Grosso do Sul;MS;3
50 a 54;Masculino;Parda;Mato Grosso do Sul;MS;11
50 a 54;Masculino;Preta;Mato Grosso do Sul;MS;2
55 a 59;Feminino;Branca;Mato Grosso do Sul;MS;2
55 a 59;Masculino;Branca;Mato Grosso do Sul;MS;10
55 a 59;Masculino;Parda;Mato Grosso do Sul;MS;15
55 a 59;Masculino;Preta;Mato Grosso do Sul;MS;1
60 a 64;Feminino;Indígena;Mato Grosso do Sul;MS;1
60 a 64;Feminino;Parda;Mato Grosso do Sul;MS;1
60 a 64;Masculino;Branca;Mato Grosso do Sul;MS;5
60 a 64;Masculino;Indígena;Mato Grosso do Sul;MS;3
60 a 64;Masculino;Parda;Mato Grosso do Sul;MS;7
65 a 69;Masculino;Branca;Mato Grosso do Sul;MS;5
65 a 69;Masculino;Parda;Mato Grosso do Sul;MS;2
Mais de 70;Feminino;Amarela;Mato Grosso do Sul;MS;1
Mais de 70;Feminino;Parda;Mato Grosso do Sul;MS;2
Mais de 70;Masculino;Amarela;Mato Grosso do Sul;MS;1
Mais de 70;Masculino;Branca;Mato Grosso do Sul;MS;4
Mais de 70;Masculino;Indígena;Mato Grosso do Sul;MS;1
Mais de 70;Masculino;Parda;Mato Grosso do Sul;MS;8
Mais de 70;Masculino;Preta;Mato Grosso do Sul;MS;1
Menos de 10;Feminino;Parda;Mato Grosso do Sul;MS;1
Menos de 10;Masculino;Branca;Mato Grosso do Sul;MS;2
Menos de 10;Masculino;Indígena;Mato Grosso do Sul;MS;1
10 a 14;Feminino;Parda;Mato Grosso;MT;1
10 a 14;Masculino;Parda;Mato Grosso;MT;3
10 a 14;Masculino;Preta;Mato Grosso;MT;1
15 a 19;Feminino;Parda;Mato Grosso;MT;7
15 a 19;Masculino;Branca;Mato Grosso;MT;18
15 a 19;Masculino;Parda;Mato Grosso;MT;66
15 a 19;Masculino;Preta;Mato Grosso;MT;9
20 a 24;Feminino;Branca;Mato Grosso;MT;4
20 a 24;Feminino;Parda;Mato Grosso;MT;7
20 a 24;Feminino;Preta;Mato Grosso;MT;1
20 a 24;Masculino;Branca;Mato Grosso;MT;22
20 a 24;Masculino;Parda;Mato Grosso;MT;119
20 a 24;Masculino;Preta;Mato Grosso;MT;8
25 a 29;Feminino;Branca;Mato Grosso;MT;1
25 a 29;Feminino;Parda;Mato Grosso;MT;9
25 a 29;Feminino;Preta;Mato Grosso;MT;2
25 a 29;Masculino;Branca;Mato Grosso;MT;26
25 a 29;Masculino;Parda;Mato Grosso;MT;114
25 a 29;Masculino;Preta;Mato Grosso;MT;10
30 a 34;Feminino;Parda;Mato Grosso;MT;12
30 a 34;Feminino;Preta;Mato Grosso;MT;1
30 a 34;Masculino;Amarela;Mato Grosso;MT;1
30 a 34;Masculino;Branca;Mato Grosso;MT;17
30 a 34;Masculino;Parda;Mato Grosso;MT;83
30 a 34;Masculino;Preta;Mato Grosso;MT;10
35 a 39;Feminino;Branca;Mato Grosso;MT;2
35 a 39;Feminino;Parda;Mato Grosso;MT;5
35 a 39;Feminino;Preta;Mato Grosso;MT;1
35 a 39;Masculino;Amarela;Mato Grosso;MT;1
35 a 39;Masculino;Branca;Mato Grosso;MT;23
35 a 39;Masculino;Parda;Mato Grosso;MT;69
35 a 39;Masculino;Preta;Mato Grosso;MT;6
40 a 44;Feminino;Branca;Mato Grosso;MT;2
40 a 44;Feminino;Parda;Mato Grosso;MT;5
40 a 44;Feminino;Preta;Mato Grosso;MT;1
40 a 44;Masculino;Branca;Mato Grosso;MT;26
40 a 44;Masculino;Indígena;Mato Grosso;MT;1
40 a 44;Masculino;Parda;Mato Grosso;MT;57
40 a 44;Masculino;Preta;Mato Grosso;MT;4
45 a 49;Feminino;Branca;Mato Grosso;MT;2
45 a 49;Feminino;Parda;Mato Grosso;MT;5
45 a 49;Masculino;Branca;Mato Grosso;MT;12
45 a 49;Masculino;Parda;Mato Grosso;MT;28
45 a 49;Masculino;Preta;Mato Grosso;MT;6
50 a 54;Feminino;Branca;Mato Grosso;MT;2
50 a 54;Feminino;Parda;Mato Grosso;MT;5
50 a 54;Masculino;Branca;Mato Grosso;MT;17
50 a 54;Masculino;Parda;Mato Grosso;MT;42
50 a 54;Masculino;Preta;Mato Grosso;MT;5
55 a 59;Feminino;Branca;Mato Grosso;MT;1
55 a 59;Feminino;Parda;Mato Grosso;MT;2
55 a 59;Masculino;Branca;Mato Grosso;MT;13
55 a 59;Masculino;Parda;Mato Grosso;MT;15
55 a 59;Masculino;Preta;Mato Grosso;MT;1
60 a 64;Feminino;Parda;Mato Grosso;MT;2
60 a 64;Masculino;Branca;Mato Grosso;MT;5
60 a 64;Masculino;Parda;Mato Grosso;MT;15
60 a 64;Masculino;Preta;Mato Grosso;MT;2
65 a 69;Masculino;Branca;Mato Grosso;MT;5
65 a 69;Masculino;Parda;Mato Grosso;MT;5
65 a 69;Masculino;Preta;Mato Grosso;MT;1
Mais de 70;Feminino;Branca;Mato Grosso;MT;2
Mais de 70;Feminino;Parda;Mato Grosso;MT;2
Mais de 70;Masculino;Branca;Mato Grosso;MT;5
Mais de 70;Masculino;Parda;Mato Grosso;MT;7
Mais de 70;Masculino;Preta;Mato Grosso;MT;1
Menos de 10;Feminino;Branca;Mato Grosso;MT;1
Menos de 10;Feminino;Parda;Mato Grosso;MT;3
Menos de 10;Masculino;Branca;Mato Grosso;MT;1
Menos de 10;Masculino;Parda;Mato Grosso;MT;4
Menos de 10;Masculino;Preta;Mato Grosso;MT;1
10 a 14;Feminino;Branca;ParÃ¡;PA;1
10 a 14;Feminino;Parda;ParÃ¡;PA;6
10 a 14;Feminino;Preta;ParÃ¡;PA;1
10 a 14;Masculino;Branca;ParÃ¡;PA;2
10 a 14;Masculino;Parda;ParÃ¡;PA;21
10 a 14;Masculino;Preta;ParÃ¡;PA;2
15 a 19;Feminino;Branca;ParÃ¡;PA;1
15 a 19;Feminino;Parda;ParÃ¡;PA;26
15 a 19;Feminino;Preta;ParÃ¡;PA;2
15 a 19;Masculino;Amarela;ParÃ¡;PA;1
15 a 19;Masculino;Branca;ParÃ¡;PA;28
15 a 19;Masculino;Indígena;ParÃ¡;PA;1
15 a 19;Masculino;Parda;ParÃ¡;PA;549
15 a 19;Masculino;Preta;ParÃ¡;PA;33
20 a 24;Feminino;Branca;ParÃ¡;PA;4
20 a 24;Feminino;Parda;ParÃ¡;PA;51
20 a 24;Feminino;Preta;ParÃ¡;PA;2
20 a 24;Masculino;Amarela;ParÃ¡;PA;1
20 a 24;Masculino;Branca;ParÃ¡;PA;49
20 a 24;Masculino;Indígena;ParÃ¡;PA;3
20 a 24;Masculino;Parda;ParÃ¡;PA;822
20 a 24;Masculino;Preta;ParÃ¡;PA;53
25 a 29;Feminino;Branca;ParÃ¡;PA;4
25 a 29;Feminino;Parda;ParÃ¡;PA;37
25 a 29;Feminino;Preta;ParÃ¡;PA;3
25 a 29;Masculino;Amarela;ParÃ¡;PA;1
25 a 29;Masculino;Branca;ParÃ¡;PA;44
25 a 29;Masculino;Indígena;ParÃ¡;PA;1
25 a 29;Masculino;Parda;ParÃ¡;PA;625
25 a 29;Masculino;Preta;ParÃ¡;PA;37
30 a 34;Feminino;Branca;ParÃ¡;PA;4
30 a 34;Feminino;Parda;ParÃ¡;PA;32
30 a 34;Feminino;Preta;ParÃ¡;PA;3
30 a 34;Masculino;Amarela;ParÃ¡;PA;1
30 a 34;Masculino;Branca;ParÃ¡;PA;26
30 a 34;Masculino;Indígena;ParÃ¡;PA;1
30 a 34;Masculino;Parda;ParÃ¡;PA;470
30 a 34;Masculino;Preta;ParÃ¡;PA;24
35 a 39;Feminino;Branca;ParÃ¡;PA;6
35 a 39;Feminino;Parda;ParÃ¡;PA;43
35 a 39;Feminino;Preta;ParÃ¡;PA;1
35 a 39;Masculino;Branca;ParÃ¡;PA;34
35 a 39;Masculino;Indígena;ParÃ¡;PA;1
35 a 39;Masculino;Parda;ParÃ¡;PA;342
35 a 39;Masculino;Preta;ParÃ¡;PA;25
40 a 44;Feminino;Branca;ParÃ¡;PA;4
40 a 44;Feminino;Parda;ParÃ¡;PA;21
40 a 44;Feminino;Preta;ParÃ¡;PA;1
40 a 44;Masculino;Branca;ParÃ¡;PA;29
40 a 44;Masculino;Parda;ParÃ¡;PA;248
40 a 44;Masculino;Preta;ParÃ¡;PA;10
45 a 49;Feminino;Branca;ParÃ¡;PA;2
45 a 49;Feminino;Parda;ParÃ¡;PA;17
45 a 49;Feminino;Preta;ParÃ¡;PA;2
45 a 49;Masculino;Branca;ParÃ¡;PA;14
45 a 49;Masculino;Indígena;ParÃ¡;PA;3
45 a 49;Masculino;Parda;ParÃ¡;PA;169
45 a 49;Masculino;Preta;ParÃ¡;PA;9
50 a 54;Feminino;Branca;ParÃ¡;PA;2
50 a 54;Feminino;Parda;ParÃ¡;PA;9
50 a 54;Feminino;Preta;ParÃ¡;PA;2
50 a 54;Masculino;Amarela;ParÃ¡;PA;1
50 a 54;Masculino;Branca;ParÃ¡;PA;7
50 a 54;Masculino;Parda;ParÃ¡;PA;101
50 a 54;Masculino;Preta;ParÃ¡;PA;6
55 a 59;Feminino;Parda;ParÃ¡;PA;6
55 a 59;Masculino;Branca;ParÃ¡;PA;8
55 a 59;Masculino;Indígena;ParÃ¡;PA;1
55 a 59;Masculino;Parda;ParÃ¡;PA;79
55 a 59;Masculino;Preta;ParÃ¡;PA;9
60 a 64;Feminino;Branca;ParÃ¡;PA;1
60 a 64;Feminino;Parda;ParÃ¡;PA;6
60 a 64;Masculino;Amarela;ParÃ¡;PA;1
60 a 64;Masculino;Branca;ParÃ¡;PA;5
60 a 64;Masculino;Parda;ParÃ¡;PA;50
60 a 64;Masculino;Preta;ParÃ¡;PA;1
65 a 69;Feminino;Parda;ParÃ¡;PA;1
65 a 69;Masculino;Branca;ParÃ¡;PA;4
65 a 69;Masculino;Parda;ParÃ¡;PA;18
65 a 69;Masculino;Preta;ParÃ¡;PA;1
Mais de 70;Feminino;Branca;ParÃ¡;PA;2
Mais de 70;Feminino;Parda;ParÃ¡;PA;2
Mais de 70;Masculino;Branca;ParÃ¡;PA;1
Mais de 70;Masculino;Parda;ParÃ¡;PA;37
Mais de 70;Masculino;Preta;ParÃ¡;PA;3
Menos de 10;Feminino;Branca;ParÃ¡;PA;1
Menos de 10;Feminino;Parda;ParÃ¡;PA;2
Menos de 10;Masculino;Indígena;ParÃ¡;PA;1
Menos de 10;Masculino;Parda;ParÃ¡;PA;11
10 a 14;Feminino;Parda;ParaÃ­ba;PB;2
10 a 14;Masculino;Parda;ParaÃ­ba;PB;4
15 a 19;Feminino;Parda;ParaÃ­ba;PB;11
15 a 19;Masculino;Amarela;ParaÃ­ba;PB;1
15 a 19;Masculino;Branca;ParaÃ­ba;PB;4
15 a 19;Masculino;Parda;ParaÃ­ba;PB;163
15 a 19;Masculino;Preta;ParaÃ­ba;PB;8
20 a 24;Feminino;Branca;ParaÃ­ba;PB;2
20 a 24;Feminino;Parda;ParaÃ­ba;PB;10
20 a 24;Masculino;Branca;ParaÃ­ba;PB;14
20 a 24;Masculino;Parda;ParaÃ­ba;PB;246
20 a 24;Masculino;Preta;ParaÃ­ba;PB;4
25 a 29;Feminino;Branca;ParaÃ­ba;PB;2
25 a 29;Feminino;Parda;ParaÃ­ba;PB;8
25 a 29;Masculino;Branca;ParaÃ­ba;PB;3
25 a 29;Masculino;Parda;ParaÃ­ba;PB;166
25 a 29;Masculino;Preta;ParaÃ­ba;PB;2
30 a 34;Feminino;Branca;ParaÃ­ba;PB;4
30 a 34;Feminino;Parda;ParaÃ­ba;PB;9
30 a 34;Masculino;Branca;ParaÃ­ba;PB;4
30 a 34;Masculino;Parda;ParaÃ­ba;PB;127
30 a 34;Masculino;Preta;ParaÃ­ba;PB;2
35 a 39;Feminino;Parda;ParaÃ­ba;PB;8
35 a 39;Masculino;Branca;ParaÃ­ba;PB;7
35 a 39;Masculino;Parda;ParaÃ­ba;PB;102
35 a 39;Masculino;Preta;ParaÃ­ba;PB;4
40 a 44;Feminino;Parda;ParaÃ­ba;PB;5
40 a 44;Masculino;Branca;ParaÃ­ba;PB;7
40 a 44;Masculino;Parda;ParaÃ­ba;PB;83
40 a 44;Masculino;Preta;ParaÃ­ba;PB;1
45 a 49;Feminino;Branca;ParaÃ­ba;PB;1
45 a 49;Feminino;Parda;ParaÃ­ba;PB;7
45 a 49;Masculino;Branca;ParaÃ­ba;PB;3
45 a 49;Masculino;Parda;ParaÃ­ba;PB;66
50 a 54;Feminino;Branca;ParaÃ­ba;PB;1
50 a 54;Feminino;Parda;ParaÃ­ba;PB;4
50 a 54;Masculino;Branca;ParaÃ­ba;PB;5
50 a 54;Masculino;Parda;ParaÃ­ba;PB;38
50 a 54;Masculino;Preta;ParaÃ­ba;PB;3
55 a 59;Feminino;Parda;ParaÃ­ba;PB;3
55 a 59;Masculino;Branca;ParaÃ­ba;PB;4
55 a 59;Masculino;Parda;ParaÃ­ba;PB;31
55 a 59;Masculino;Preta;ParaÃ­ba;PB;3
60 a 64;Feminino;Parda;ParaÃ­ba;PB;1
60 a 64;Masculino;Branca;ParaÃ­ba;PB;1
60 a 64;Masculino;Parda;ParaÃ­ba;PB;8
65 a 69;Masculino;Branca;ParaÃ­ba;PB;2
65 a 69;Masculino;Parda;ParaÃ­ba;PB;8
Mais de 70;Feminino;Parda;ParaÃ­ba;PB;3
Mais de 70;Masculino;Parda;ParaÃ­ba;PB;13
Menos de 10;Masculino;Parda;ParaÃ­ba;PB;3
10 a 14;Feminino;Branca;Pernambuco;PE;2
10 a 14;Feminino;Parda;Pernambuco;PE;6
10 a 14;Masculino;Branca;Pernambuco;PE;6
10 a 14;Masculino;Parda;Pernambuco;PE;22
15 a 19;Feminino;Branca;Pernambuco;PE;8
15 a 19;Feminino;Parda;Pernambuco;PE;25
15 a 19;Masculino;Amarela;Pernambuco;PE;1
15 a 19;Masculino;Branca;Pernambuco;PE;93
15 a 19;Masculino;Parda;Pernambuco;PE;514
15 a 19;Masculino;Preta;Pernambuco;PE;27
20 a 24;Feminino;Branca;Pernambuco;PE;10
20 a 24;Feminino;Parda;Pernambuco;PE;26
20 a 24;Masculino;Branca;Pernambuco;PE;105
20 a 24;Masculino;Indígena;Pernambuco;PE;2
20 a 24;Masculino;Parda;Pernambuco;PE;737
20 a 24;Masculino;Preta;Pernambuco;PE;29
25 a 29;Feminino;Branca;Pernambuco;PE;2
25 a 29;Feminino;Parda;Pernambuco;PE;26
25 a 29;Feminino;Preta;Pernambuco;PE;4
25 a 29;Masculino;Branca;Pernambuco;PE;82
25 a 29;Masculino;Parda;Pernambuco;PE;533
25 a 29;Masculino;Preta;Pernambuco;PE;29
30 a 34;Feminino;Branca;Pernambuco;PE;7
30 a 34;Feminino;Parda;Pernambuco;PE;29
30 a 34;Feminino;Preta;Pernambuco;PE;2
30 a 34;Masculino;Branca;Pernambuco;PE;59
30 a 34;Masculino;Parda;Pernambuco;PE;428
30 a 34;Masculino;Preta;Pernambuco;PE;26
35 a 39;Feminino;Branca;Pernambuco;PE;6
35 a 39;Feminino;Parda;Pernambuco;PE;15
35 a 39;Masculino;Branca;Pernambuco;PE;41
35 a 39;Masculino;Parda;Pernambuco;PE;320
35 a 39;Masculino;Preta;Pernambuco;PE;23
40 a 44;Feminino;Branca;Pernambuco;PE;4
40 a 44;Feminino;Parda;Pernambuco;PE;14
40 a 44;Masculino;Branca;Pernambuco;PE;40
40 a 44;Masculino;Parda;Pernambuco;PE;217
40 a 44;Masculino;Preta;Pernambuco;PE;9
45 a 49;Feminino;Branca;Pernambuco;PE;2
45 a 49;Feminino;Parda;Pernambuco;PE;12
45 a 49;Masculino;Branca;Pernambuco;PE;26
45 a 49;Masculino;Parda;Pernambuco;PE;157
45 a 49;Masculino;Preta;Pernambuco;PE;11
50 a 54;Feminino;Branca;Pernambuco;PE;1
50 a 54;Feminino;Parda;Pernambuco;PE;8
50 a 54;Masculino;Amarela;Pernambuco;PE;1
50 a 54;Masculino;Branca;Pernambuco;PE;13
50 a 54;Masculino;Parda;Pernambuco;PE;104
50 a 54;Masculino;Preta;Pernambuco;PE;6
55 a 59;Feminino;Branca;Pernambuco;PE;1
55 a 59;Feminino;Parda;Pernambuco;PE;5
55 a 59;Masculino;Branca;Pernambuco;PE;12
55 a 59;Masculino;Parda;Pernambuco;PE;53
55 a 59;Masculino;Preta;Pernambuco;PE;2
60 a 64;Feminino;Parda;Pernambuco;PE;4
60 a 64;Masculino;Branca;Pernambuco;PE;8
60 a 64;Masculino;Parda;Pernambuco;PE;40
60 a 64;Masculino;Preta;Pernambuco;PE;3
65 a 69;Feminino;Parda;Pernambuco;PE;1
65 a 69;Feminino;Preta;Pernambuco;PE;1
65 a 69;Masculino;Branca;Pernambuco;PE;3
65 a 69;Masculino;Parda;Pernambuco;PE;19
Mais de 70;Feminino;Branca;Pernambuco;PE;3
Mais de 70;Feminino;Parda;Pernambuco;PE;7
Mais de 70;Masculino;Branca;Pernambuco;PE;10
Mais de 70;Masculino;Indígena;Pernambuco;PE;1
Mais de 70;Masculino;Parda;Pernambuco;PE;41
Menos de 10;Feminino;Parda;Pernambuco;PE;2
Menos de 10;Feminino;Preta;Pernambuco;PE;1
Menos de 10;Masculino;Branca;Pernambuco;PE;3
Menos de 10;Masculino;Parda;Pernambuco;PE;6
10 a 14;Masculino;Preta;PiauÃ­;PI;2
15 a 19;Feminino;Parda;PiauÃ­;PI;1
15 a 19;Feminino;Preta;PiauÃ­;PI;2
15 a 19;Masculino;Branca;PiauÃ­;PI;5
15 a 19;Masculino;Parda;PiauÃ­;PI;55
15 a 19;Masculino;Preta;PiauÃ­;PI;4
20 a 24;Feminino;Branca;PiauÃ­;PI;3
20 a 24;Feminino;Parda;PiauÃ­;PI;4
20 a 24;Feminino;Preta;PiauÃ­;PI;1
20 a 24;Masculino;Branca;PiauÃ­;PI;7
20 a 24;Masculino;Parda;PiauÃ­;PI;85
20 a 24;Masculino;Preta;PiauÃ­;PI;10
25 a 29;Feminino;Branca;PiauÃ­;PI;1
25 a 29;Feminino;Parda;PiauÃ­;PI;6
25 a 29;Feminino;Preta;PiauÃ­;PI;1
25 a 29;Masculino;Branca;PiauÃ­;PI;11
25 a 29;Masculino;Parda;PiauÃ­;PI;87
25 a 29;Masculino;Preta;PiauÃ­;PI;9
30 a 34;Feminino;Branca;PiauÃ­;PI;1
30 a 34;Feminino;Parda;PiauÃ­;PI;4
30 a 34;Feminino;Preta;PiauÃ­;PI;4
30 a 34;Masculino;Branca;PiauÃ­;PI;6
30 a 34;Masculino;Parda;PiauÃ­;PI;51
30 a 34;Masculino;Preta;PiauÃ­;PI;9
35 a 39;Feminino;Parda;PiauÃ­;PI;4
35 a 39;Feminino;Preta;PiauÃ­;PI;2
35 a 39;Masculino;Branca;PiauÃ­;PI;5
35 a 39;Masculino;Parda;PiauÃ­;PI;47
35 a 39;Masculino;Preta;PiauÃ­;PI;8
40 a 44;Feminino;Parda;PiauÃ­;PI;2
40 a 44;Masculino;Branca;PiauÃ­;PI;2
40 a 44;Masculino;Parda;PiauÃ­;PI;32
40 a 44;Masculino;Preta;PiauÃ­;PI;4
45 a 49;Feminino;Parda;PiauÃ­;PI;2
45 a 49;Feminino;Preta;PiauÃ­;PI;1
45 a 49;Masculino;Branca;PiauÃ­;PI;1
45 a 49;Masculino;Parda;PiauÃ­;PI;21
45 a 49;Masculino;Preta;PiauÃ­;PI;1
50 a 54;Feminino;Parda;PiauÃ­;PI;3
50 a 54;Masculino;Parda;PiauÃ­;PI;12
50 a 54;Masculino;Preta;PiauÃ­;PI;1
55 a 59;Feminino;Parda;PiauÃ­;PI;1
55 a 59;Masculino;Branca;PiauÃ­;PI;2
55 a 59;Masculino;Parda;PiauÃ­;PI;11
60 a 64;Masculino;Branca;PiauÃ­;PI;1
60 a 64;Masculino;Parda;PiauÃ­;PI;8
60 a 64;Masculino;Preta;PiauÃ­;PI;1
65 a 69;Feminino;Parda;PiauÃ­;PI;1
65 a 69;Masculino;Parda;PiauÃ­;PI;4
65 a 69;Masculino;Preta;PiauÃ­;PI;2
Mais de 70;Feminino;Parda;PiauÃ­;PI;1
Mais de 70;Masculino;Branca;PiauÃ­;PI;1
Mais de 70;Masculino;Parda;PiauÃ­;PI;15
Mais de 70;Masculino;Preta;PiauÃ­;PI;1
Menos de 10;Feminino;Parda;PiauÃ­;PI;3
Menos de 10;Masculino;Parda;PiauÃ­;PI;2
10 a 14;Feminino;Branca;ParanÃ¡;PR;4
10 a 14;Feminino;Parda;ParanÃ¡;PR;1
10 a 14;Feminino;Preta;ParanÃ¡;PR;1
10 a 14;Masculino;Branca;ParanÃ¡;PR;1
10 a 14;Masculino;Parda;ParanÃ¡;PR;3
10 a 14;Masculino;Preta;ParanÃ¡;PR;2
15 a 19;Feminino;Branca;ParanÃ¡;PR;14
15 a 19;Feminino;Parda;ParanÃ¡;PR;6
15 a 19;Masculino;Branca;ParanÃ¡;PR;170
15 a 19;Masculino;Indígena;ParanÃ¡;PR;2
15 a 19;Masculino;Parda;ParanÃ¡;PR;94
15 a 19;Masculino;Preta;ParanÃ¡;PR;8
20 a 24;Feminino;Branca;ParanÃ¡;PR;17
20 a 24;Feminino;Parda;ParanÃ¡;PR;9
20 a 24;Feminino;Preta;ParanÃ¡;PR;4
20 a 24;Masculino;Branca;ParanÃ¡;PR;316
20 a 24;Masculino;Parda;ParanÃ¡;PR;110
20 a 24;Masculino;Preta;ParanÃ¡;PR;17
25 a 29;Feminino;Branca;ParanÃ¡;PR;18
25 a 29;Feminino;Parda;ParanÃ¡;PR;8
25 a 29;Masculino;Branca;ParanÃ¡;PR;254
25 a 29;Masculino;Indígena;ParanÃ¡;PR;1
25 a 29;Masculino;Parda;ParanÃ¡;PR;83
25 a 29;Masculino;Preta;ParanÃ¡;PR;14
30 a 34;Feminino;Branca;ParanÃ¡;PR;17
30 a 34;Feminino;Indígena;ParanÃ¡;PR;1
30 a 34;Feminino;Parda;ParanÃ¡;PR;2
30 a 34;Feminino;Preta;ParanÃ¡;PR;1
30 a 34;Masculino;Amarela;ParanÃ¡;PR;2
30 a 34;Masculino;Branca;ParanÃ¡;PR;228
30 a 34;Masculino;Parda;ParanÃ¡;PR;78
30 a 34;Masculino;Preta;ParanÃ¡;PR;10
35 a 39;Feminino;Branca;ParanÃ¡;PR;18
35 a 39;Feminino;Parda;ParanÃ¡;PR;5
35 a 39;Feminino;Preta;ParanÃ¡;PR;2
35 a 39;Masculino;Branca;ParanÃ¡;PR;174
35 a 39;Masculino;Indígena;ParanÃ¡;PR;2
35 a 39;Masculino;Parda;ParanÃ¡;PR;58
35 a 39;Masculino;Preta;ParanÃ¡;PR;6
40 a 44;Feminino;Branca;ParanÃ¡;PR;14
40 a 44;Feminino;Parda;ParanÃ¡;PR;4
40 a 44;Feminino;Preta;ParanÃ¡;PR;2
40 a 44;Masculino;Branca;ParanÃ¡;PR;130
40 a 44;Masculino;Parda;ParanÃ¡;PR;40
40 a 44;Masculino;Preta;ParanÃ¡;PR;9
45 a 49;Feminino;Branca;ParanÃ¡;PR;9
45 a 49;Feminino;Parda;ParanÃ¡;PR;4
45 a 49;Masculino;Branca;ParanÃ¡;PR;93
45 a 49;Masculino;Indígena;ParanÃ¡;PR;1
45 a 49;Masculino;Parda;ParanÃ¡;PR;33
45 a 49;Masculino;Preta;ParanÃ¡;PR;3
50 a 54;Feminino;Branca;ParanÃ¡;PR;9
50 a 54;Feminino;Parda;ParanÃ¡;PR;3
50 a 54;Feminino;Preta;ParanÃ¡;PR;1
50 a 54;Masculino;Branca;ParanÃ¡;PR;80
50 a 54;Masculino;Parda;ParanÃ¡;PR;8
50 a 54;Masculino;Preta;ParanÃ¡;PR;6
55 a 59;Feminino;Branca;ParanÃ¡;PR;8
55 a 59;Feminino;Parda;ParanÃ¡;PR;3
55 a 59;Feminino;Preta;ParanÃ¡;PR;2
55 a 59;Masculino;Branca;ParanÃ¡;PR;46
55 a 59;Masculino;Parda;ParanÃ¡;PR;5
55 a 59;Masculino;Preta;ParanÃ¡;PR;1
60 a 64;Feminino;Branca;ParanÃ¡;PR;2
60 a 64;Masculino;Branca;ParanÃ¡;PR;29
60 a 64;Masculino;Parda;ParanÃ¡;PR;5
60 a 64;Masculino;Preta;ParanÃ¡;PR;1
65 a 69;Feminino;Branca;ParanÃ¡;PR;6
65 a 69;Feminino;Parda;ParanÃ¡;PR;2
65 a 69;Feminino;Preta;ParanÃ¡;PR;1
65 a 69;Masculino;Branca;ParanÃ¡;PR;25
65 a 69;Masculino;Parda;ParanÃ¡;PR;2
Mais de 70;Feminino;Branca;ParanÃ¡;PR;9
Mais de 70;Feminino;Parda;ParanÃ¡;PR;2
Mais de 70;Masculino;Branca;ParanÃ¡;PR;36
Mais de 70;Masculino;Parda;ParanÃ¡;PR;3
Menos de 10;Feminino;Branca;ParanÃ¡;PR;3
Menos de 10;Masculino;Branca;ParanÃ¡;PR;5
Menos de 10;Masculino;Parda;ParanÃ¡;PR;1
10 a 14;Feminino;Parda;Rio de Janeiro;RJ;6
10 a 14;Feminino;Preta;Rio de Janeiro;RJ;2
10 a 14;Masculino;Branca;Rio de Janeiro;RJ;8
10 a 14;Masculino;Parda;Rio de Janeiro;RJ;34
10 a 14;Masculino;Preta;Rio de Janeiro;RJ;10
15 a 19;Feminino;Branca;Rio de Janeiro;RJ;9
15 a 19;Feminino;Parda;Rio de Janeiro;RJ;22
15 a 19;Feminino;Preta;Rio de Janeiro;RJ;8
15 a 19;Masculino;Branca;Rio de Janeiro;RJ;227
15 a 19;Masculino;Parda;Rio de Janeiro;RJ;728
15 a 19;Masculino;Preta;Rio de Janeiro;RJ;206
20 a 24;Feminino;Branca;Rio de Janeiro;RJ;14
20 a 24;Feminino;Indígena;Rio de Janeiro;RJ;2
20 a 24;Feminino;Parda;Rio de Janeiro;RJ;24
20 a 24;Feminino;Preta;Rio de Janeiro;RJ;11
20 a 24;Masculino;Amarela;Rio de Janeiro;RJ;4
20 a 24;Masculino;Branca;Rio de Janeiro;RJ;289
20 a 24;Masculino;Parda;Rio de Janeiro;RJ;869
20 a 24;Masculino;Preta;Rio de Janeiro;RJ;280
25 a 29;Feminino;Branca;Rio de Janeiro;RJ;21
25 a 29;Feminino;Parda;Rio de Janeiro;RJ;27
25 a 29;Feminino;Preta;Rio de Janeiro;RJ;12
25 a 29;Masculino;Amarela;Rio de Janeiro;RJ;1
25 a 29;Masculino;Branca;Rio de Janeiro;RJ;219
25 a 29;Masculino;Parda;Rio de Janeiro;RJ;553
25 a 29;Masculino;Preta;Rio de Janeiro;RJ;188
30 a 34;Feminino;Branca;Rio de Janeiro;RJ;13
30 a 34;Feminino;Parda;Rio de Janeiro;RJ;17
30 a 34;Feminino;Preta;Rio de Janeiro;RJ;8
30 a 34;Masculino;Amarela;Rio de Janeiro;RJ;1
30 a 34;Masculino;Branca;Rio de Janeiro;RJ;174
30 a 34;Masculino;Parda;Rio de Janeiro;RJ;350
30 a 34;Masculino;Preta;Rio de Janeiro;RJ;131
35 a 39;Feminino;Branca;Rio de Janeiro;RJ;13
35 a 39;Feminino;Parda;Rio de Janeiro;RJ;13
35 a 39;Feminino;Preta;Rio de Janeiro;RJ;6
35 a 39;Masculino;Amarela;Rio de Janeiro;RJ;2
35 a 39;Masculino;Branca;Rio de Janeiro;RJ;145
35 a 39;Masculino;Indígena;Rio de Janeiro;RJ;1
35 a 39;Masculino;Parda;Rio de Janeiro;RJ;250
35 a 39;Masculino;Preta;Rio de Janeiro;RJ;85
40 a 44;Feminino;Branca;Rio de Janeiro;RJ;11
40 a 44;Feminino;Parda;Rio de Janeiro;RJ;15
40 a 44;Feminino;Preta;Rio de Janeiro;RJ;9
40 a 44;Masculino;Branca;Rio de Janeiro;RJ;105
40 a 44;Masculino;Indígena;Rio de Janeiro;RJ;1
40 a 44;Masculino;Parda;Rio de Janeiro;RJ;157
40 a 44;Masculino;Preta;Rio de Janeiro;RJ;43
45 a 49;Feminino;Branca;Rio de Janeiro;RJ;11
45 a 49;Feminino;Parda;Rio de Janeiro;RJ;6
45 a 49;Feminino;Preta;Rio de Janeiro;RJ;3
45 a 49;Masculino;Branca;Rio de Janeiro;RJ;75
45 a 49;Masculino;Parda;Rio de Janeiro;RJ;111
45 a 49;Masculino;Preta;Rio de Janeiro;RJ;22
50 a 54;Feminino;Branca;Rio de Janeiro;RJ;8
50 a 54;Feminino;Parda;Rio de Janeiro;RJ;4
50 a 54;Feminino;Preta;Rio de Janeiro;RJ;1
50 a 54;Masculino;Branca;Rio de Janeiro;RJ;56
50 a 54;Masculino;Indígena;Rio de Janeiro;RJ;1
50 a 54;Masculino;Parda;Rio de Janeiro;RJ;67
50 a 54;Masculino;Preta;Rio de Janeiro;RJ;20
55 a 59;Feminino;Branca;Rio de Janeiro;RJ;2
55 a 59;Feminino;Parda;Rio de Janeiro;RJ;5
55 a 59;Feminino;Preta;Rio de Janeiro;RJ;5
55 a 59;Masculino;Branca;Rio de Janeiro;RJ;42
55 a 59;Masculino;Parda;Rio de Janeiro;RJ;44
55 a 59;Masculino;Preta;Rio de Janeiro;RJ;15
60 a 64;Feminino;Branca;Rio de Janeiro;RJ;8
60 a 64;Feminino;Parda;Rio de Janeiro;RJ;8
60 a 64;Masculino;Amarela;Rio de Janeiro;RJ;1
60 a 64;Masculino;Branca;Rio de Janeiro;RJ;34
60 a 64;Masculino;Indígena;Rio de Janeiro;RJ;1
60 a 64;Masculino;Parda;Rio de Janeiro;RJ;34
60 a 64;Masculino;Preta;Rio de Janeiro;RJ;12
65 a 69;Feminino;Branca;Rio de Janeiro;RJ;4
65 a 69;Feminino;Parda;Rio de Janeiro;RJ;2
65 a 69;Feminino;Preta;Rio de Janeiro;RJ;1
65 a 69;Masculino;Branca;Rio de Janeiro;RJ;21
65 a 69;Masculino;Parda;Rio de Janeiro;RJ;16
65 a 69;Masculino;Preta;Rio de Janeiro;RJ;3
Mais de 70;Feminino;Branca;Rio de Janeiro;RJ;7
Mais de 70;Feminino;Parda;Rio de Janeiro;RJ;5
Mais de 70;Feminino;Preta;Rio de Janeiro;RJ;1
Mais de 70;Masculino;Branca;Rio de Janeiro;RJ;35
Mais de 70;Masculino;Parda;Rio de Janeiro;RJ;15
Mais de 70;Masculino;Preta;Rio de Janeiro;RJ;6
Menos de 10;Feminino;Branca;Rio de Janeiro;RJ;4
Menos de 10;Feminino;Parda;Rio de Janeiro;RJ;9
Menos de 10;Feminino;Preta;Rio de Janeiro;RJ;1
Menos de 10;Masculino;Branca;Rio de Janeiro;RJ;2
Menos de 10;Masculino;Parda;Rio de Janeiro;RJ;6
Menos de 10;Masculino;Preta;Rio de Janeiro;RJ;1
10 a 14;Feminino;Parda;Rio Grande do Norte;RN;3
10 a 14;Masculino;Parda;Rio Grande do Norte;RN;20
15 a 19;Feminino;Branca;Rio Grande do Norte;RN;2
15 a 19;Feminino;Parda;Rio Grande do Norte;RN;14
15 a 19;Masculino;Branca;Rio Grande do Norte;RN;31
15 a 19;Masculino;Parda;Rio Grande do Norte;RN;305
15 a 19;Masculino;Preta;Rio Grande do Norte;RN;3
20 a 24;Feminino;Branca;Rio Grande do Norte;RN;1
20 a 24;Feminino;Indígena;Rio Grande do Norte;RN;1
20 a 24;Feminino;Parda;Rio Grande do Norte;RN;9
20 a 24;Masculino;Amarela;Rio Grande do Norte;RN;1
20 a 24;Masculino;Branca;Rio Grande do Norte;RN;41
20 a 24;Masculino;Indígena;Rio Grande do Norte;RN;3
20 a 24;Masculino;Parda;Rio Grande do Norte;RN;341
20 a 24;Masculino;Preta;Rio Grande do Norte;RN;2
25 a 29;Feminino;Branca;Rio Grande do Norte;RN;2
25 a 29;Feminino;Parda;Rio Grande do Norte;RN;12
25 a 29;Feminino;Preta;Rio Grande do Norte;RN;1
25 a 29;Masculino;Amarela;Rio Grande do Norte;RN;1
25 a 29;Masculino;Branca;Rio Grande do Norte;RN;24
25 a 29;Masculino;Indígena;Rio Grande do Norte;RN;2
25 a 29;Masculino;Parda;Rio Grande do Norte;RN;258
25 a 29;Masculino;Preta;Rio Grande do Norte;RN;3
30 a 34;Feminino;Branca;Rio Grande do Norte;RN;2
30 a 34;Feminino;Parda;Rio Grande do Norte;RN;11
30 a 34;Masculino;Branca;Rio Grande do Norte;RN;21
30 a 34;Masculino;Indígena;Rio Grande do Norte;RN;1
30 a 34;Masculino;Parda;Rio Grande do Norte;RN;184
30 a 34;Masculino;Preta;Rio Grande do Norte;RN;3
35 a 39;Feminino;Branca;Rio Grande do Norte;RN;1
35 a 39;Feminino;Parda;Rio Grande do Norte;RN;11
35 a 39;Masculino;Branca;Rio Grande do Norte;RN;12
35 a 39;Masculino;Parda;Rio Grande do Norte;RN;148
40 a 44;Feminino;Branca;Rio Grande do Norte;RN;2
40 a 44;Feminino;Parda;Rio Grande do Norte;RN;6
40 a 44;Masculino;Amarela;Rio Grande do Norte;RN;2
40 a 44;Masculino;Branca;Rio Grande do Norte;RN;15
40 a 44;Masculino;Parda;Rio Grande do Norte;RN;77
40 a 44;Masculino;Preta;Rio Grande do Norte;RN;2
45 a 49;Feminino;Branca;Rio Grande do Norte;RN;1
45 a 49;Feminino;Parda;Rio Grande do Norte;RN;3
45 a 49;Masculino;Branca;Rio Grande do Norte;RN;8
45 a 49;Masculino;Parda;Rio Grande do Norte;RN;59
45 a 49;Masculino;Preta;Rio Grande do Norte;RN;2
50 a 54;Feminino;Branca;Rio Grande do Norte;RN;2
50 a 54;Feminino;Parda;Rio Grande do Norte;RN;5
50 a 54;Masculino;Branca;Rio Grande do Norte;RN;10
50 a 54;Masculino;Indígena;Rio Grande do Norte;RN;1
50 a 54;Masculino;Parda;Rio Grande do Norte;RN;39
50 a 54;Masculino;Preta;Rio Grande do Norte;RN;1
55 a 59;Feminino;Parda;Rio Grande do Norte;RN;3
55 a 59;Masculino;Branca;Rio Grande do Norte;RN;8
55 a 59;Masculino;Parda;Rio Grande do Norte;RN;20
55 a 59;Masculino;Preta;Rio Grande do Norte;RN;1
60 a 64;Feminino;Parda;Rio Grande do Norte;RN;2
60 a 64;Masculino;Branca;Rio Grande do Norte;RN;2
60 a 64;Masculino;Parda;Rio Grande do Norte;RN;18
65 a 69;Feminino;Parda;Rio Grande do Norte;RN;1
65 a 69;Masculino;Branca;Rio Grande do Norte;RN;4
65 a 69;Masculino;Parda;Rio Grande do Norte;RN;9
Mais de 70;Feminino;Parda;Rio Grande do Norte;RN;2
Mais de 70;Masculino;Branca;Rio Grande do Norte;RN;4
Mais de 70;Masculino;Parda;Rio Grande do Norte;RN;15
Menos de 10;Feminino;Parda;Rio Grande do Norte;RN;2
Menos de 10;Masculino;Branca;Rio Grande do Norte;RN;2
Menos de 10;Masculino;Parda;Rio Grande do Norte;RN;1
10 a 14;Feminino;Branca;RondÃ´nia;RO;1
10 a 14;Masculino;Parda;RondÃ´nia;RO;1
15 a 19;Feminino;Branca;RondÃ´nia;RO;2
15 a 19;Feminino;Parda;RondÃ´nia;RO;3
15 a 19;Masculino;Branca;RondÃ´nia;RO;5
15 a 19;Masculino;Indígena;RondÃ´nia;RO;1
15 a 19;Masculino;Parda;RondÃ´nia;RO;28
15 a 19;Masculino;Preta;RondÃ´nia;RO;5
20 a 24;Feminino;Branca;RondÃ´nia;RO;1
20 a 24;Feminino;Parda;RondÃ´nia;RO;7
20 a 24;Masculino;Branca;RondÃ´nia;RO;13
20 a 24;Masculino;Parda;RondÃ´nia;RO;56
20 a 24;Masculino;Preta;RondÃ´nia;RO;3
25 a 29;Feminino;Branca;RondÃ´nia;RO;2
25 a 29;Feminino;Parda;RondÃ´nia;RO;1
25 a 29;Masculino;Branca;RondÃ´nia;RO;15
25 a 29;Masculino;Parda;RondÃ´nia;RO;42
25 a 29;Masculino;Preta;RondÃ´nia;RO;2
30 a 34;Feminino;Amarela;RondÃ´nia;RO;1
30 a 34;Feminino;Parda;RondÃ´nia;RO;4
30 a 34;Masculino;Branca;RondÃ´nia;RO;11
30 a 34;Masculino;Parda;RondÃ´nia;RO;43
30 a 34;Masculino;Preta;RondÃ´nia;RO;3
35 a 39;Feminino;Branca;RondÃ´nia;RO;3
35 a 39;Feminino;Parda;RondÃ´nia;RO;3
35 a 39;Masculino;Branca;RondÃ´nia;RO;9
35 a 39;Masculino;Parda;RondÃ´nia;RO;36
35 a 39;Masculino;Preta;RondÃ´nia;RO;1
40 a 44;Feminino;Branca;RondÃ´nia;RO;2
40 a 44;Feminino;Parda;RondÃ´nia;RO;2
40 a 44;Masculino;Branca;RondÃ´nia;RO;18
40 a 44;Masculino;Parda;RondÃ´nia;RO;24
40 a 44;Masculino;Preta;RondÃ´nia;RO;6
45 a 49;Feminino;Branca;RondÃ´nia;RO;1
45 a 49;Feminino;Parda;RondÃ´nia;RO;2
45 a 49;Feminino;Preta;RondÃ´nia;RO;2
45 a 49;Masculino;Branca;RondÃ´nia;RO;9
45 a 49;Masculino;Parda;RondÃ´nia;RO;16
45 a 49;Masculino;Preta;RondÃ´nia;RO;1
50 a 54;Feminino;Parda;RondÃ´nia;RO;1
50 a 54;Masculino;Branca;RondÃ´nia;RO;10
50 a 54;Masculino;Parda;RondÃ´nia;RO;24
50 a 54;Masculino;Preta;RondÃ´nia;RO;2
55 a 59;Feminino;Branca;RondÃ´nia;RO;1
55 a 59;Masculino;Branca;RondÃ´nia;RO;3
55 a 59;Masculino;Parda;RondÃ´nia;RO;7
55 a 59;Masculino;Preta;RondÃ´nia;RO;4
60 a 64;Feminino;Preta;RondÃ´nia;RO;1
60 a 64;Masculino;Branca;RondÃ´nia;RO;5
60 a 64;Masculino;Parda;RondÃ´nia;RO;7
65 a 69;Masculino;Branca;RondÃ´nia;RO;2
65 a 69;Masculino;Parda;RondÃ´nia;RO;4
65 a 69;Masculino;Preta;RondÃ´nia;RO;1
Mais de 70;Feminino;Parda;RondÃ´nia;RO;1
Mais de 70;Masculino;Branca;RondÃ´nia;RO;1
Mais de 70;Masculino;Parda;RondÃ´nia;RO;5
Mais de 70;Masculino;Preta;RondÃ´nia;RO;1
Menos de 10;Feminino;Parda;RondÃ´nia;RO;1
Menos de 10;Masculino;Branca;RondÃ´nia;RO;1
10 a 14;Feminino;Parda;Roraima;RR;2
10 a 14;Masculino;Parda;Roraima;RR;4
15 a 19;Feminino;Amarela;Roraima;RR;1
15 a 19;Feminino;Indígena;Roraima;RR;2
15 a 19;Feminino;Parda;Roraima;RR;7
15 a 19;Masculino;Branca;Roraima;RR;4
15 a 19;Masculino;Indígena;Roraima;RR;4
15 a 19;Masculino;Parda;Roraima;RR;58
15 a 19;Masculino;Preta;Roraima;RR;2
20 a 24;Feminino;Indígena;Roraima;RR;1
20 a 24;Feminino;Parda;Roraima;RR;3
20 a 24;Masculino;Amarela;Roraima;RR;2
20 a 24;Masculino;Branca;Roraima;RR;4
20 a 24;Masculino;Indígena;Roraima;RR;3
20 a 24;Masculino;Parda;Roraima;RR;68
20 a 24;Masculino;Preta;Roraima;RR;1
25 a 29;Feminino;Amarela;Roraima;RR;1
25 a 29;Feminino;Parda;Roraima;RR;2
25 a 29;Masculino;Amarela;Roraima;RR;2
25 a 29;Masculino;Branca;Roraima;RR;5
25 a 29;Masculino;Indígena;Roraima;RR;3
25 a 29;Masculino;Parda;Roraima;RR;52
30 a 34;Feminino;Branca;Roraima;RR;1
30 a 34;Feminino;Parda;Roraima;RR;1
30 a 34;Masculino;Branca;Roraima;RR;8
30 a 34;Masculino;Indígena;Roraima;RR;4
30 a 34;Masculino;Parda;Roraima;RR;30
30 a 34;Masculino;Preta;Roraima;RR;1
35 a 39;Feminino;Parda;Roraima;RR;3
35 a 39;Masculino;Branca;Roraima;RR;4
35 a 39;Masculino;Indígena;Roraima;RR;2
35 a 39;Masculino;Parda;Roraima;RR;22
40 a 44;Feminino;Indígena;Roraima;RR;1
40 a 44;Feminino;Parda;Roraima;RR;3
40 a 44;Masculino;Branca;Roraima;RR;1
40 a 44;Masculino;Indígena;Roraima;RR;2
40 a 44;Masculino;Parda;Roraima;RR;12
45 a 49;Feminino;Parda;Roraima;RR;1
45 a 49;Masculino;Indígena;Roraima;RR;3
45 a 49;Masculino;Parda;Roraima;RR;11
45 a 49;Masculino;Preta;Roraima;RR;1
50 a 54;Feminino;Parda;Roraima;RR;1
50 a 54;Masculino;Branca;Roraima;RR;2
50 a 54;Masculino;Indígena;Roraima;RR;2
50 a 54;Masculino;Parda;Roraima;RR;7
55 a 59;Masculino;Branca;Roraima;RR;1
55 a 59;Masculino;Indígena;Roraima;RR;1
55 a 59;Masculino;Parda;Roraima;RR;3
60 a 64;Feminino;Parda;Roraima;RR;1
60 a 64;Masculino;Branca;Roraima;RR;2
60 a 64;Masculino;Indígena;Roraima;RR;2
60 a 64;Masculino;Parda;Roraima;RR;8
65 a 69;Masculino;Parda;Roraima;RR;1
Mais de 70;Feminino;Parda;Roraima;RR;3
Mais de 70;Feminino;Preta;Roraima;RR;1
Mais de 70;Masculino;Branca;Roraima;RR;1
Mais de 70;Masculino;Parda;Roraima;RR;2
Mais de 70;Masculino;Preta;Roraima;RR;2
Menos de 10;Feminino;Indígena;Roraima;RR;18
Menos de 10;Masculino;Indígena;Roraima;RR;14
Menos de 10;Masculino;Parda;Roraima;RR;1
10 a 14;Feminino;Branca;Rio Grande do Sul;RS;2
10 a 14;Masculino;Branca;Rio Grande do Sul;RS;13
10 a 14;Masculino;Parda;Rio Grande do Sul;RS;6
10 a 14;Masculino;Preta;Rio Grande do Sul;RS;2
15 a 19;Feminino;Branca;Rio Grande do Sul;RS;20
15 a 19;Feminino;Indígena;Rio Grande do Sul;RS;1
15 a 19;Feminino;Parda;Rio Grande do Sul;RS;9
15 a 19;Feminino;Preta;Rio Grande do Sul;RS;4
15 a 19;Masculino;Branca;Rio Grande do Sul;RS;234
15 a 19;Masculino;Parda;Rio Grande do Sul;RS;76
15 a 19;Masculino;Preta;Rio Grande do Sul;RS;47
20 a 24;Feminino;Branca;Rio Grande do Sul;RS;23
20 a 24;Feminino;Parda;Rio Grande do Sul;RS;6
20 a 24;Feminino;Preta;Rio Grande do Sul;RS;4
20 a 24;Masculino;Amarela;Rio Grande do Sul;RS;2
20 a 24;Masculino;Branca;Rio Grande do Sul;RS;288
20 a 24;Masculino;Indígena;Rio Grande do Sul;RS;2
20 a 24;Masculino;Parda;Rio Grande do Sul;RS;83
20 a 24;Masculino;Preta;Rio Grande do Sul;RS;69
25 a 29;Feminino;Branca;Rio Grande do Sul;RS;23
25 a 29;Feminino;Parda;Rio Grande do Sul;RS;8
25 a 29;Feminino;Preta;Rio Grande do Sul;RS;4
25 a 29;Masculino;Branca;Rio Grande do Sul;RS;262
25 a 29;Masculino;Parda;Rio Grande do Sul;RS;52
25 a 29;Masculino;Preta;Rio Grande do Sul;RS;58
30 a 34;Feminino;Branca;Rio Grande do Sul;RS;25
30 a 34;Feminino;Parda;Rio Grande do Sul;RS;2
30 a 34;Feminino;Preta;Rio Grande do Sul;RS;2
30 a 34;Masculino;Branca;Rio Grande do Sul;RS;258
30 a 34;Masculino;Parda;Rio Grande do Sul;RS;38
30 a 34;Masculino;Preta;Rio Grande do Sul;RS;38
35 a 39;Feminino;Branca;Rio Grande do Sul;RS;27
35 a 39;Feminino;Parda;Rio Grande do Sul;RS;1
35 a 39;Feminino;Preta;Rio Grande do Sul;RS;5
35 a 39;Masculino;Amarela;Rio Grande do Sul;RS;1
35 a 39;Masculino;Branca;Rio Grande do Sul;RS;210
35 a 39;Masculino;Parda;Rio Grande do Sul;RS;30
35 a 39;Masculino;Preta;Rio Grande do Sul;RS;32
40 a 44;Feminino;Branca;Rio Grande do Sul;RS;15
40 a 44;Feminino;Parda;Rio Grande do Sul;RS;3
40 a 44;Feminino;Preta;Rio Grande do Sul;RS;1
40 a 44;Masculino;Branca;Rio Grande do Sul;RS;138
40 a 44;Masculino;Parda;Rio Grande do Sul;RS;19
40 a 44;Masculino;Preta;Rio Grande do Sul;RS;16
45 a 49;Feminino;Branca;Rio Grande do Sul;RS;22
45 a 49;Feminino;Parda;Rio Grande do Sul;RS;2
45 a 49;Masculino;Branca;Rio Grande do Sul;RS;97
45 a 49;Masculino;Parda;Rio Grande do Sul;RS;14
45 a 49;Masculino;Preta;Rio Grande do Sul;RS;9
50 a 54;Feminino;Branca;Rio Grande do Sul;RS;15
50 a 54;Masculino;Branca;Rio Grande do Sul;RS;92
50 a 54;Masculino;Parda;Rio Grande do Sul;RS;11
50 a 54;Masculino;Preta;Rio Grande do Sul;RS;2
55 a 59;Feminino;Branca;Rio Grande do Sul;RS;7
55 a 59;Masculino;Branca;Rio Grande do Sul;RS;63
55 a 59;Masculino;Parda;Rio Grande do Sul;RS;4
55 a 59;Masculino;Preta;Rio Grande do Sul;RS;1
60 a 64;Feminino;Branca;Rio Grande do Sul;RS;3
60 a 64;Masculino;Branca;Rio Grande do Sul;RS;42
60 a 64;Masculino;Parda;Rio Grande do Sul;RS;2
60 a 64;Masculino;Preta;Rio Grande do Sul;RS;1
65 a 69;Feminino;Branca;Rio Grande do Sul;RS;6
65 a 69;Masculino;Branca;Rio Grande do Sul;RS;30
65 a 69;Masculino;Parda;Rio Grande do Sul;RS;1
65 a 69;Masculino;Preta;Rio Grande do Sul;RS;1
Mais de 70;Feminino;Branca;Rio Grande do Sul;RS;5
Mais de 70;Feminino;Preta;Rio Grande do Sul;RS;1
Mais de 70;Masculino;Branca;Rio Grande do Sul;RS;43
Mais de 70;Masculino;Parda;Rio Grande do Sul;RS;1
Mais de 70;Masculino;Preta;Rio Grande do Sul;RS;4
Menos de 10;Feminino;Branca;Rio Grande do Sul;RS;6
Menos de 10;Masculino;Branca;Rio Grande do Sul;RS;4
10 a 14;Feminino;Branca;Santa Catarina;SC;1
10 a 14;Masculino;Branca;Santa Catarina;SC;1
10 a 14;Masculino;Parda;Santa Catarina;SC;1
10 a 14;Masculino;Preta;Santa Catarina;SC;1
15 a 19;Feminino;Branca;Santa Catarina;SC;9
15 a 19;Feminino;Parda;Santa Catarina;SC;1
15 a 19;Feminino;Preta;Santa Catarina;SC;1
15 a 19;Masculino;Branca;Santa Catarina;SC;75
15 a 19;Masculino;Indígena;Santa Catarina;SC;1
15 a 19;Masculino;Parda;Santa Catarina;SC;18
15 a 19;Masculino;Preta;Santa Catarina;SC;9
20 a 24;Feminino;Branca;Santa Catarina;SC;6
20 a 24;Feminino;Parda;Santa Catarina;SC;2
20 a 24;Feminino;Preta;Santa Catarina;SC;1
20 a 24;Masculino;Branca;Santa Catarina;SC;108
20 a 24;Masculino;Parda;Santa Catarina;SC;27
20 a 24;Masculino;Preta;Santa Catarina;SC;11
25 a 29;Feminino;Branca;Santa Catarina;SC;11
25 a 29;Feminino;Parda;Santa Catarina;SC;6
25 a 29;Masculino;Branca;Santa Catarina;SC;77
25 a 29;Masculino;Indígena;Santa Catarina;SC;2
25 a 29;Masculino;Parda;Santa Catarina;SC;18
25 a 29;Masculino;Preta;Santa Catarina;SC;11
30 a 34;Feminino;Branca;Santa Catarina;SC;6
30 a 34;Feminino;Parda;Santa Catarina;SC;2
30 a 34;Masculino;Branca;Santa Catarina;SC;80
30 a 34;Masculino;Parda;Santa Catarina;SC;13
30 a 34;Masculino;Preta;Santa Catarina;SC;3
35 a 39;Feminino;Branca;Santa Catarina;SC;7
35 a 39;Feminino;Parda;Santa Catarina;SC;2
35 a 39;Masculino;Branca;Santa Catarina;SC;63
35 a 39;Masculino;Indígena;Santa Catarina;SC;2
35 a 39;Masculino;Parda;Santa Catarina;SC;14
35 a 39;Masculino;Preta;Santa Catarina;SC;4
40 a 44;Feminino;Branca;Santa Catarina;SC;9
40 a 44;Feminino;Parda;Santa Catarina;SC;1
40 a 44;Masculino;Branca;Santa Catarina;SC;42
40 a 44;Masculino;Parda;Santa Catarina;SC;9
40 a 44;Masculino;Preta;Santa Catarina;SC;2
45 a 49;Feminino;Branca;Santa Catarina;SC;6
45 a 49;Masculino;Branca;Santa Catarina;SC;32
45 a 49;Masculino;Parda;Santa Catarina;SC;7
45 a 49;Masculino;Preta;Santa Catarina;SC;1
50 a 54;Feminino;Branca;Santa Catarina;SC;5
50 a 54;Feminino;Parda;Santa Catarina;SC;1
50 a 54;Masculino;Branca;Santa Catarina;SC;42
50 a 54;Masculino;Parda;Santa Catarina;SC;3
50 a 54;Masculino;Preta;Santa Catarina;SC;1
55 a 59;Feminino;Branca;Santa Catarina;SC;9
55 a 59;Masculino;Branca;Santa Catarina;SC;19
55 a 59;Masculino;Parda;Santa Catarina;SC;1
55 a 59;Masculino;Preta;Santa Catarina;SC;1
60 a 64;Feminino;Branca;Santa Catarina;SC;2
60 a 64;Masculino;Branca;Santa Catarina;SC;18
65 a 69;Masculino;Branca;Santa Catarina;SC;8
65 a 69;Masculino;Parda;Santa Catarina;SC;1
Mais de 70;Feminino;Branca;Santa Catarina;SC;2
Mais de 70;Masculino;Branca;Santa Catarina;SC;20
Mais de 70;Masculino;Parda;Santa Catarina;SC;1
Menos de 10;Feminino;Branca;Santa Catarina;SC;1
Menos de 10;Masculino;Branca;Santa Catarina;SC;1
10 a 14;Feminino;Branca;Sergipe;SE;1
10 a 14;Feminino;Parda;Sergipe;SE;2
10 a 14;Masculino;Branca;Sergipe;SE;2
10 a 14;Masculino;Parda;Sergipe;SE;5
10 a 14;Masculino;Preta;Sergipe;SE;1
15 a 19;Feminino;Parda;Sergipe;SE;2
15 a 19;Masculino;Branca;Sergipe;SE;3
15 a 19;Masculino;Parda;Sergipe;SE;163
15 a 19;Masculino;Preta;Sergipe;SE;2
20 a 24;Feminino;Parda;Sergipe;SE;5
20 a 24;Masculino;Branca;Sergipe;SE;7
20 a 24;Masculino;Parda;Sergipe;SE;271
20 a 24;Masculino;Preta;Sergipe;SE;8
25 a 29;Feminino;Parda;Sergipe;SE;3
25 a 29;Masculino;Branca;Sergipe;SE;10
25 a 29;Masculino;Parda;Sergipe;SE;184
25 a 29;Masculino;Preta;Sergipe;SE;5
30 a 34;Feminino;Branca;Sergipe;SE;1
30 a 34;Feminino;Parda;Sergipe;SE;8
30 a 34;Masculino;Branca;Sergipe;SE;4
30 a 34;Masculino;Parda;Sergipe;SE;128
30 a 34;Masculino;Preta;Sergipe;SE;4
35 a 39;Feminino;Parda;Sergipe;SE;4
35 a 39;Masculino;Branca;Sergipe;SE;8
35 a 39;Masculino;Parda;Sergipe;SE;88
35 a 39;Masculino;Preta;Sergipe;SE;8
40 a 44;Feminino;Branca;Sergipe;SE;2
40 a 44;Masculino;Branca;Sergipe;SE;2
40 a 44;Masculino;Parda;Sergipe;SE;53
40 a 44;Masculino;Preta;Sergipe;SE;2
45 a 49;Feminino;Branca;Sergipe;SE;1
45 a 49;Feminino;Parda;Sergipe;SE;3
45 a 49;Masculino;Branca;Sergipe;SE;3
45 a 49;Masculino;Parda;Sergipe;SE;48
45 a 49;Masculino;Preta;Sergipe;SE;1
50 a 54;Feminino;Parda;Sergipe;SE;2
50 a 54;Masculino;Branca;Sergipe;SE;3
50 a 54;Masculino;Parda;Sergipe;SE;31
50 a 54;Masculino;Preta;Sergipe;SE;4
55 a 59;Masculino;Branca;Sergipe;SE;1
55 a 59;Masculino;Parda;Sergipe;SE;23
55 a 59;Masculino;Preta;Sergipe;SE;1
60 a 64;Feminino;Parda;Sergipe;SE;2
60 a 64;Masculino;Branca;Sergipe;SE;2
60 a 64;Masculino;Parda;Sergipe;SE;4
65 a 69;Feminino;Parda;Sergipe;SE;1
65 a 69;Masculino;Parda;Sergipe;SE;4
Mais de 70;Feminino;Branca;Sergipe;SE;1
Mais de 70;Masculino;Branca;Sergipe;SE;2
Mais de 70;Masculino;Parda;Sergipe;SE;5
Menos de 10;Feminino;Parda;Sergipe;SE;2
Menos de 10;Masculino;Branca;Sergipe;SE;1
Menos de 10;Masculino;Parda;Sergipe;SE;1
Menos de 10;Masculino;Preta;Sergipe;SE;1
10 a 14;Feminino;Branca;SÃ£o Paulo;SP;6
10 a 14;Feminino;Parda;SÃ£o Paulo;SP;3
10 a 14;Masculino;Branca;SÃ£o Paulo;SP;3
10 a 14;Masculino;Parda;SÃ£o Paulo;SP;8
10 a 14;Masculino;Preta;SÃ£o Paulo;SP;2
15 a 19;Feminino;Branca;SÃ£o Paulo;SP;26
15 a 19;Feminino;Parda;SÃ£o Paulo;SP;12
15 a 19;Feminino;Preta;SÃ£o Paulo;SP;2
15 a 19;Masculino;Amarela;SÃ£o Paulo;SP;1
15 a 19;Masculino;Branca;SÃ£o Paulo;SP;151
15 a 19;Masculino;Parda;SÃ£o Paulo;SP;200
15 a 19;Masculino;Preta;SÃ£o Paulo;SP;41
20 a 24;Feminino;Branca;SÃ£o Paulo;SP;25
20 a 24;Feminino;Parda;SÃ£o Paulo;SP;16
20 a 24;Feminino;Preta;SÃ£o Paulo;SP;3
20 a 24;Masculino;Branca;SÃ£o Paulo;SP;213
20 a 24;Masculino;Parda;SÃ£o Paulo;SP;223
20 a 24;Masculino;Preta;SÃ£o Paulo;SP;46
25 a 29;Feminino;Branca;SÃ£o Paulo;SP;29
25 a 29;Feminino;Parda;SÃ£o Paulo;SP;21
25 a 29;Feminino;Preta;SÃ£o Paulo;SP;4
25 a 29;Masculino;Branca;SÃ£o Paulo;SP;206
25 a 29;Masculino;Parda;SÃ£o Paulo;SP;191
25 a 29;Masculino;Preta;SÃ£o Paulo;SP;37
30 a 34;Feminino;Branca;SÃ£o Paulo;SP;25
30 a 34;Feminino;Parda;SÃ£o Paulo;SP;23
30 a 34;Feminino;Preta;SÃ£o Paulo;SP;3
30 a 34;Masculino;Branca;SÃ£o Paulo;SP;210
30 a 34;Masculino;Parda;SÃ£o Paulo;SP;178
30 a 34;Masculino;Preta;SÃ£o Paulo;SP;32
35 a 39;Feminino;Amarela;SÃ£o Paulo;SP;1
35 a 39;Feminino;Branca;SÃ£o Paulo;SP;33
35 a 39;Feminino;Parda;SÃ£o Paulo;SP;20
35 a 39;Feminino;Preta;SÃ£o Paulo;SP;1
35 a 39;Masculino;Amarela;SÃ£o Paulo;SP;1
35 a 39;Masculino;Branca;SÃ£o Paulo;SP;226
35 a 39;Masculino;Parda;SÃ£o Paulo;SP;157
35 a 39;Masculino;Preta;SÃ£o Paulo;SP;32
40 a 44;Feminino;Branca;SÃ£o Paulo;SP;33
40 a 44;Feminino;Parda;SÃ£o Paulo;SP;18
40 a 44;Feminino;Preta;SÃ£o Paulo;SP;5
40 a 44;Masculino;Branca;SÃ£o Paulo;SP;173
40 a 44;Masculino;Parda;SÃ£o Paulo;SP;122
40 a 44;Masculino;Preta;SÃ£o Paulo;SP;20
45 a 49;Feminino;Branca;SÃ£o Paulo;SP;22
45 a 49;Feminino;Parda;SÃ£o Paulo;SP;14
45 a 49;Feminino;Preta;SÃ£o Paulo;SP;2
45 a 49;Masculino;Branca;SÃ£o Paulo;SP;126
45 a 49;Masculino;Parda;SÃ£o Paulo;SP;86
45 a 49;Masculino;Preta;SÃ£o Paulo;SP;20
50 a 54;Feminino;Branca;SÃ£o Paulo;SP;16
50 a 54;Feminino;Parda;SÃ£o Paulo;SP;6
50 a 54;Feminino;Preta;SÃ£o Paulo;SP;1
50 a 54;Masculino;Branca;SÃ£o Paulo;SP;101
50 a 54;Masculino;Parda;SÃ£o Paulo;SP;52
50 a 54;Masculino;Preta;SÃ£o Paulo;SP;9
55 a 59;Feminino;Branca;SÃ£o Paulo;SP;11
55 a 59;Feminino;Parda;SÃ£o Paulo;SP;6
55 a 59;Masculino;Amarela;SÃ£o Paulo;SP;1
55 a 59;Masculino;Branca;SÃ£o Paulo;SP;62
55 a 59;Masculino;Parda;SÃ£o Paulo;SP;32
55 a 59;Masculino;Preta;SÃ£o Paulo;SP;8
60 a 64;Feminino;Branca;SÃ£o Paulo;SP;6
60 a 64;Feminino;Parda;SÃ£o Paulo;SP;5
60 a 64;Masculino;Branca;SÃ£o Paulo;SP;50
60 a 64;Masculino;Parda;SÃ£o Paulo;SP;20
60 a 64;Masculino;Preta;SÃ£o Paulo;SP;5
65 a 69;Feminino;Branca;SÃ£o Paulo;SP;8
65 a 69;Masculino;Amarela;SÃ£o Paulo;SP;1
65 a 69;Masculino;Branca;SÃ£o Paulo;SP;38
65 a 69;Masculino;Parda;SÃ£o Paulo;SP;7
65 a 69;Masculino;Preta;SÃ£o Paulo;SP;3
Mais de 70;Feminino;Amarela;SÃ£o Paulo;SP;2
Mais de 70;Feminino;Branca;SÃ£o Paulo;SP;17
Mais de 70;Feminino;Parda;SÃ£o Paulo;SP;3
Mais de 70;Masculino;Amarela;SÃ£o Paulo;SP;2
Mais de 70;Masculino;Branca;SÃ£o Paulo;SP;58
Mais de 70;Masculino;Parda;SÃ£o Paulo;SP;13
Mais de 70;Masculino;Preta;SÃ£o Paulo;SP;4
Menos de 10;Feminino;Branca;SÃ£o Paulo;SP;13
Menos de 10;Feminino;Parda;SÃ£o Paulo;SP;6
Menos de 10;Masculino;Branca;SÃ£o Paulo;SP;6
Menos de 10;Masculino;Parda;SÃ£o Paulo;SP;5
10 a 14;Feminino;Parda;Tocantins;TO;1
10 a 14;Masculino;Branca;Tocantins;TO;1
10 a 14;Masculino;Parda;Tocantins;TO;5
10 a 14;Masculino;Preta;Tocantins;TO;2
15 a 19;Feminino;Branca;Tocantins;TO;1
15 a 19;Feminino;Parda;Tocantins;TO;2
15 a 19;Feminino;Preta;Tocantins;TO;2
15 a 19;Masculino;Branca;Tocantins;TO;8
15 a 19;Masculino;Parda;Tocantins;TO;55
15 a 19;Masculino;Preta;Tocantins;TO;8
20 a 24;Feminino;Parda;Tocantins;TO;6
20 a 24;Masculino;Branca;Tocantins;TO;19
20 a 24;Masculino;Indígena;Tocantins;TO;1
20 a 24;Masculino;Parda;Tocantins;TO;91
20 a 24;Masculino;Preta;Tocantins;TO;14
25 a 29;Feminino;Branca;Tocantins;TO;2
25 a 29;Feminino;Parda;Tocantins;TO;4
25 a 29;Feminino;Preta;Tocantins;TO;1
25 a 29;Masculino;Branca;Tocantins;TO;9
25 a 29;Masculino;Parda;Tocantins;TO;67
25 a 29;Masculino;Preta;Tocantins;TO;2
30 a 34;Feminino;Parda;Tocantins;TO;3
30 a 34;Masculino;Branca;Tocantins;TO;9
30 a 34;Masculino;Parda;Tocantins;TO;53
30 a 34;Masculino;Preta;Tocantins;TO;6
35 a 39;Feminino;Branca;Tocantins;TO;2
35 a 39;Feminino;Parda;Tocantins;TO;3
35 a 39;Masculino;Branca;Tocantins;TO;11
35 a 39;Masculino;Indígena;Tocantins;TO;1
35 a 39;Masculino;Parda;Tocantins;TO;28
35 a 39;Masculino;Preta;Tocantins;TO;6
40 a 44;Feminino;Indígena;Tocantins;TO;1
40 a 44;Feminino;Parda;Tocantins;TO;6
40 a 44;Feminino;Preta;Tocantins;TO;1
40 a 44;Masculino;Branca;Tocantins;TO;2
40 a 44;Masculino;Parda;Tocantins;TO;19
40 a 44;Masculino;Preta;Tocantins;TO;2
45 a 49;Feminino;Branca;Tocantins;TO;1
45 a 49;Feminino;Parda;Tocantins;TO;1
45 a 49;Masculino;Branca;Tocantins;TO;3
45 a 49;Masculino;Parda;Tocantins;TO;13
45 a 49;Masculino;Preta;Tocantins;TO;4
50 a 54;Feminino;Parda;Tocantins;TO;1
50 a 54;Masculino;Amarela;Tocantins;TO;1
50 a 54;Masculino;Branca;Tocantins;TO;4
50 a 54;Masculino;Parda;Tocantins;TO;13
50 a 54;Masculino;Preta;Tocantins;TO;5
55 a 59;Feminino;Parda;Tocantins;TO;1
55 a 59;Masculino;Branca;Tocantins;TO;2
55 a 59;Masculino;Parda;Tocantins;TO;5
55 a 59;Masculino;Preta;Tocantins;TO;1
60 a 64;Feminino;Parda;Tocantins;TO;2
60 a 64;Masculino;Branca;Tocantins;TO;4
60 a 64;Masculino;Parda;Tocantins;TO;5
60 a 64;Masculino;Preta;Tocantins;TO;1
65 a 69;Feminino;Branca;Tocantins;TO;1
65 a 69;Masculino;Branca;Tocantins;TO;1
65 a 69;Masculino;Parda;Tocantins;TO;5
65 a 69;Masculino;Preta;Tocantins;TO;1
Mais de 70;Masculino;Branca;Tocantins;TO;5
Mais de 70;Masculino;Parda;Tocantins;TO;13
Mais de 70;Masculino;Preta;Tocantins;TO;1
Menos de 10;Feminino;Indígena;Tocantins;TO;1
Menos de 10;Feminino;Parda;Tocantins;TO;2
Menos de 10;Masculino;Parda;Tocantins;TO;1
